城市名,运营商名,3位数号段,7位数号段
武汉,中国移动,134,1347701
武汉,中国移动,134,1341959
武汉,中国移动,134,1340711
武汉,中国移动,134,1344071
武汉,中国移动,134,1347623
武汉,中国移动,134,1340717
武汉,中国移动,134,1346998
武汉,中国移动,134,1340710
武汉,中国移动,134,1343715
武汉,中国移动,134,1341961
武汉,中国移动,134,1341966
武汉,中国移动,134,1342986
武汉,中国移动,134,1342987
武汉,中国移动,134,1347683
武汉,中国移动,134,1347627
武汉,中国移动,134,1343729
武汉,中国移动,134,1340715
武汉,中国移动,134,1342985
武汉,中国移动,134,1347709
武汉,中国移动,134,1348707
武汉,中国移动,134,1347626
武汉,中国移动,134,1347706
武汉,中国移动,134,1344079
武汉,中国移动,134,1346997
武汉,中国移动,134,1343716
武汉,中国移动,134,1347620
武汉,中国移动,134,1347702
武汉,中国移动,134,1347616
武汉,中国移动,134,1347610
武汉,中国移动,134,1347617
武汉,中国移动,134,1347618
武汉,中国移动,134,1340716
武汉,中国移动,134,1341958
武汉,中国移动,134,1341952
武汉,中国移动,134,1347625
武汉,中国移动,134,1347608
武汉,中国移动,134,1343725
武汉,中国移动,134,1347686
武汉,中国移动,134,1347602
武汉,中国移动,134,1347611
武汉,中国移动,134,1343712
武汉,中国移动,134,1341968
武汉,中国移动,134,1348709
武汉,中国移动,134,1343713
武汉,中国移动,134,1347681
武汉,中国移动,134,1340712
武汉,中国移动,134,1347621
武汉,中国移动,134,1343711
武汉,中国移动,134,1347614
武汉,中国移动,134,1347704
武汉,中国移动,134,1347707
武汉,中国移动,134,1343727
武汉,中国移动,134,1341953
武汉,中国移动,134,1341951
武汉,中国移动,134,1347612
武汉,中国移动,134,1347628
武汉,中国移动,134,1347685
武汉,中国移动,134,1341954
武汉,中国移动,134,1341962
武汉,中国移动,134,1347603
武汉,中国移动,134,1347604
武汉,中国移动,134,1346996
武汉,中国移动,134,1347680
武汉,中国移动,134,1343710
武汉,中国移动,134,1340714
武汉,中国移动,134,1341965
武汉,中国移动,134,1342983
武汉,中国移动,134,1340713
武汉,中国移动,134,1343728
武汉,中国移动,134,1347679
武汉,中国移动,134,1348708
武汉,中国移动,134,1346995
武汉,中国移动,134,1347615
武汉,中国移动,134,1347708
武汉,中国移动,134,1341967
武汉,中国移动,134,1347600
武汉,中国移动,134,1341960
武汉,中国移动,134,1341964
武汉,中国移动,134,1347607
武汉,中国移动,134,1347705
武汉,中国移动,134,1347613
武汉,中国移动,134,1347684
武汉,中国移动,134,1343714
武汉,中国移动,134,1347682
武汉,中国移动,134,1342982
武汉,中国移动,134,1341955
武汉,中国移动,134,1347605
武汉,中国移动,134,1342981
武汉,中国移动,134,1341956
武汉,中国移动,134,1347700
武汉,中国移动,134,1341957
武汉,中国移动,134,1341963
武汉,中国移动,134,1342988
武汉,中国移动,134,1347601
武汉,中国移动,134,1340718
武汉,中国移动,134,1347629
武汉,中国移动,134,1347622
武汉,中国移动,134,1341969
武汉,中国移动,134,1343717
武汉,中国移动,134,1342984
武汉,中国移动,134,1340719
武汉,中国移动,134,1347609
武汉,中国移动,134,1342989
武汉,中国移动,134,1347606
武汉,中国移动,134,1347619
武汉,中国移动,134,1343718
武汉,中国移动,134,1347703
武汉,中国移动,134,1343719
武汉,中国移动,134,1341950
武汉,中国移动,134,1343726
武汉,中国移动,134,1347624
武汉,中国移动,134,1346999
武汉,中国移动,134,1342980
武汉,中国移动,135,1354500
武汉,中国移动,135,1354588
武汉,中国移动,135,1355440
武汉,中国移动,135,1354506
武汉,中国移动,135,1351722
武汉,中国移动,135,1355469
武汉,中国移动,135,1354521
武汉,中国移动,135,1351711
武汉,中国移动,135,1354507
武汉,中国移动,135,1355421
武汉,中国移动,135,1351724
武汉,中国移动,135,1350715
武汉,中国移动,135,1351710
武汉,中国移动,135,1355411
武汉,中国移动,135,1350719
武汉,中国移动,135,1355402
武汉,中国移动,135,1355417
武汉,中国移动,135,1355435
武汉,中国移动,135,1355409
武汉,中国移动,135,1351729
武汉,中国移动,135,1355428
武汉,中国移动,135,1355433
武汉,中国移动,135,1354518
武汉,中国移动,135,1354524
武汉,中国移动,135,1351712
武汉,中国移动,135,1355441
武汉,中国移动,135,1355446
武汉,中国移动,135,1354522
武汉,中国移动,135,1355404
武汉,中国移动,135,1354525
武汉,中国移动,135,1354504
武汉,中国移动,135,1350710
武汉,中国移动,135,1355438
武汉,中国移动,135,1354527
武汉,中国移动,135,1354517
武汉,中国移动,135,1354528
武汉,中国移动,135,1351725
武汉,中国移动,135,1355400
武汉,中国移动,135,1355422
武汉,中国移动,135,1350712
武汉,中国移动,135,1355407
武汉,中国移动,135,1355405
武汉,中国移动,135,1355420
武汉,中国移动,135,1354503
武汉,中国移动,135,1351727
武汉,中国移动,135,1354587
武汉,中国移动,135,1355403
武汉,中国移动,135,1355447
武汉,中国移动,135,1355412
武汉,中国移动,135,1355442
武汉,中国移动,135,1355451
武汉,中国移动,135,1355429
武汉,中国移动,135,1355468
武汉,中国移动,135,1355430
武汉,中国移动,135,1354520
武汉,中国移动,135,1355406
武汉,中国移动,135,1354511
武汉,中国移动,135,1355450
武汉,中国移动,135,1355423
武汉,中国移动,135,1354538
武汉,中国移动,135,1355452
武汉,中国移动,135,1355462
武汉,中国移动,135,1354539
武汉,中国移动,135,1351719
武汉,中国移动,135,1355449
武汉,中国移动,135,1354513
武汉,中国移动,135,1355448
武汉,中国移动,135,1350714
武汉,中国移动,135,1354529
武汉,中国移动,135,1354505
武汉,中国移动,135,1354526
武汉,中国移动,135,1355427
武汉,中国移动,135,1355463
武汉,中国移动,135,1355454
武汉,中国移动,135,1350711
武汉,中国移动,135,1351728
武汉,中国移动,135,1355418
武汉,中国移动,135,1355445
武汉,中国移动,135,1355466
武汉,中国移动,135,1354508
武汉,中国移动,135,1355439
武汉,中国移动,135,1354514
武汉,中国移动,135,1354534
武汉,中国移动,135,1355437
武汉,中国移动,135,1351723
武汉,中国移动,135,1355419
武汉,中国移动,135,1350716
武汉,中国移动,135,1355424
武汉,中国移动,135,1355444
武汉,中国移动,135,1355413
武汉,中国移动,135,1354509
武汉,中国移动,135,1350713
武汉,中国移动,135,1355465
武汉,中国移动,135,1355425
武汉,中国移动,135,1354586
武汉,中国移动,135,1355416
武汉,中国移动,135,1355434
武汉,中国移动,135,1350718
武汉,中国移动,135,1354510
武汉,中国移动,135,1354535
武汉,中国移动,135,1354502
武汉,中国移动,135,1355436
武汉,中国移动,135,1354589
武汉,中国移动,135,1354515
武汉,中国移动,135,1355401
武汉,中国移动,135,1355410
武汉,中国移动,135,1351721
武汉,中国移动,135,1355408
武汉,中国移动,135,1354591
武汉,中国移动,135,1355464
武汉,中国移动,135,1354536
武汉,中国移动,135,1354590
武汉,中国移动,135,1354516
武汉,中国移动,135,1355453
武汉,中国移动,135,1354523
武汉,中国移动,135,1355426
武汉,中国移动,135,1354501
武汉,中国移动,135,1355415
武汉,中国移动,135,1355467
武汉,中国移动,135,1354519
武汉,中国移动,135,1354512
武汉,中国移动,135,1351720
武汉,中国移动,135,1355414
武汉,中国移动,135,1355443
武汉,中国移动,135,1355432
武汉,中国移动,135,1354537
武汉,中国移动,135,1351726
武汉,中国移动,135,1355431
武汉,中国移动,135,1350717
武汉,中国移动,136,1365723
武汉,中国移动,136,1365729
武汉,中国移动,136,1363865
武汉,中国移动,136,1362869
武汉,中国移动,136,1369732
武汉,中国移动,136,1361865
武汉,中国移动,136,1366727
武汉,中国移动,136,1362866
武汉,中国移动,136,1361863
武汉,中国移动,136,1365720
武汉,中国移动,136,1360714
武汉,中国移动,136,1363861
武汉,中国移动,136,1361866
武汉,中国移动,136,1362710
武汉,中国移动,136,1365980
武汉,中国移动,136,1362721
武汉,中国移动,136,1361864
武汉,中国移动,136,1365988
武汉,中国移动,136,1362712
武汉,中国移动,136,1365728
武汉,中国移动,136,1361861
武汉,中国移动,136,1360712
武汉,中国移动,136,1362723
武汉,中国移动,136,1366721
武汉,中国移动,136,1366712
武汉,中国移动,136,1362728
武汉,中国移动,136,1362864
武汉,中国移动,136,1360717
武汉,中国移动,136,1365986
武汉,中国移动,136,1366728
武汉,中国移动,136,1363868
武汉,中国移动,136,1364723
武汉,中国移动,136,1366716
武汉,中国移动,136,1366726
武汉,中国移动,136,1361862
武汉,中国移动,136,1366720
武汉,中国移动,136,1360711
武汉,中国移动,136,1362861
武汉,中国移动,136,1362868
武汉,中国移动,136,1365725
武汉,中国移动,136,1362867
武汉,中国移动,136,1366713
武汉,中国移动,136,1365981
武汉,中国移动,136,1366714
武汉,中国移动,136,1365722
武汉,中国移动,136,1365727
武汉,中国移动,136,1364721
武汉,中国移动,136,1365721
武汉,中国移动,136,1360710
武汉,中国移动,136,1362714
武汉,中国移动,136,1363867
武汉,中国移动,136,1369733
武汉,中国移动,136,1362711
武汉,中国移动,136,1366724
武汉,中国移动,136,1365726
武汉,中国移动,136,1365984
武汉,中国移动,136,1362724
武汉,中国移动,136,1366711
武汉,中国移动,136,1366725
武汉,中国移动,136,1360718
武汉,中国移动,136,1366722
武汉,中国移动,136,1366718
武汉,中国移动,136,1366715
武汉,中国移动,136,1360713
武汉,中国移动,136,1364720
武汉,中国移动,136,1366723
武汉,中国移动,136,1365983
武汉,中国移动,136,1365989
武汉,中国移动,136,1360719
武汉,中国移动,136,1363863
武汉,中国移动,136,1363862
武汉,中国移动,136,1366719
武汉,中国移动,136,1363866
武汉,中国移动,136,1362720
武汉,中国移动,136,1362865
武汉,中国移动,136,1365987
武汉,中国移动,136,1361860
武汉,中国移动,136,1363864
武汉,中国移动,136,1363869
武汉,中国移动,136,1362863
武汉,中国移动,136,1362727
武汉,中国移动,136,1369734
武汉,中国移动,136,1362860
武汉,中国移动,136,1365985
武汉,中国移动,136,1363860
武汉,中国移动,136,1366729
武汉,中国移动,136,1360716
武汉,中国移动,136,1369735
武汉,中国移动,136,1364722
武汉,中国移动,136,1362862
武汉,中国移动,136,1362713
武汉,中国移动,136,1366710
武汉,中国移动,136,1360715
武汉,中国移动,136,1362725
武汉,中国移动,136,1365982
武汉,中国移动,136,1365724
武汉,中国移动,136,1366717
武汉,中国移动,136,1362729
武汉,中国移动,136,1362722
武汉,中国移动,136,1362726
武汉,中国移动,137,1379706
武汉,中国移动,137,1372023
武汉,中国移动,137,1370713
武汉,中国移动,137,1372012
武汉,中国移动,137,1372039
武汉,中国移动,137,1372030
武汉,中国移动,137,1379700
武汉,中国移动,137,1379704
武汉,中国移动,137,1372020
武汉,中国移动,137,1372027
武汉,中国移动,137,1370714
武汉,中国移动,137,1372024
武汉,中国移动,137,1372026
武汉,中国移动,137,1372029
武汉,中国移动,137,1370712
武汉,中国移动,137,1370710
武汉,中国移动,137,1379702
武汉,中国移动,137,1372010
武汉,中国移动,137,1372018
武汉,中国移动,137,1372034
武汉,中国移动,137,1372031
武汉,中国移动,137,1372035
武汉,中国移动,137,1372017
武汉,中国移动,137,1372022
武汉,中国移动,137,1370711
武汉,中国移动,137,1374071
武汉,中国移动,137,1372016
武汉,中国移动,137,1370718
武汉,中国移动,137,1372015
武汉,中国移动,137,1372037
武汉,中国移动,137,1370716
武汉,中国移动,137,1372019
武汉,中国移动,137,1372025
武汉,中国移动,137,1372032
武汉,中国移动,137,1372021
武汉,中国移动,137,1372038
武汉,中国移动,137,1379708
武汉,中国移动,137,1379707
武汉,中国移动,137,1370719
武汉,中国移动,137,1372036
武汉,中国移动,137,1372028
武汉,中国移动,137,1370715
武汉,中国移动,137,1379705
武汉,中国移动,137,1374072
武汉,中国移动,137,1379709
武汉,中国移动,137,1372014
武汉,中国移动,137,1370717
武汉,中国移动,137,1372011
武汉,中国移动,137,1372033
武汉,中国移动,137,1372013
武汉,中国移动,137,1379703
武汉,中国移动,137,1379701
武汉,中国移动,138,1387147
武汉,中国移动,138,1387107
武汉,中国移动,138,1388604
武汉,中国移动,138,1387118
武汉,中国移动,138,1388602
武汉,中国移动,138,1387134
武汉,中国移动,138,1387150
武汉,中国移动,138,1380861
武汉,中国移动,138,1387146
武汉,中国移动,138,1388605
武汉,中国移动,138,1387148
武汉,中国移动,138,1387154
武汉,中国移动,138,1387140
武汉,中国移动,138,1380712
武汉,中国移动,138,1388606
武汉,中国移动,138,1388618
武汉,中国移动,138,1380711
武汉,中国移动,138,1387119
武汉,中国移动,138,1387132
武汉,中国移动,138,1388617
武汉,中国移动,138,1387121
武汉,中国移动,138,1380863
武汉,中国移动,138,1380862
武汉,中国移动,138,1380865
武汉,中国移动,138,1387155
武汉,中国移动,138,1388608
武汉,中国移动,138,1387106
武汉,中国移动,138,1387111
武汉,中国移动,138,1387145
武汉,中国移动,138,1387142
武汉,中国移动,138,1388614
武汉,中国移动,138,1380860
武汉,中国移动,138,1387114
武汉,中国移动,138,1387152
武汉,中国移动,138,1380866
武汉,中国移动,138,1388615
武汉,中国移动,138,1387102
武汉,中国移动,138,1388616
武汉,中国移动,138,1387105
武汉,中国移动,138,1387143
武汉,中国移动,138,1388600
武汉,中国移动,138,1387100
武汉,中国移动,138,1388601
武汉,中国移动,138,1387104
武汉,中国移动,138,1387136
武汉,中国移动,138,1387151
武汉,中国移动,138,1387120
武汉,中国移动,138,1387138
武汉,中国移动,138,1387125
武汉,中国移动,138,1387137
武汉,中国移动,138,1387129
武汉,中国移动,138,1387156
武汉,中国移动,138,1388603
武汉,中国移动,138,1387158
武汉,中国移动,138,1387159
武汉,中国移动,138,1388613
武汉,中国移动,138,1387101
武汉,中国移动,138,1380713
武汉,中国移动,138,1387144
武汉,中国移动,138,1380718
武汉,中国移动,138,1380026
武汉,中国移动,138,1380869
武汉,中国移动,138,1387141
武汉,中国移动,138,1387116
武汉,中国移动,138,1380027
武汉,中国移动,138,1387124
武汉,中国移动,138,1387109
武汉,中国移动,138,1387108
武汉,中国移动,138,1387115
武汉,中国移动,138,1387128
武汉,中国移动,138,1380867
武汉,中国移动,138,1387110
武汉,中国移动,138,1380864
武汉,中国移动,138,1388610
武汉,中国移动,138,1387126
武汉,中国移动,138,1380868
武汉,中国移动,138,1380719
武汉,中国移动,138,1387122
武汉,中国移动,138,1380710
武汉,中国移动,138,1387135
武汉,中国移动,138,1380714
武汉,中国移动,138,1387131
武汉,中国移动,138,1387117
武汉,中国移动,138,1387157
武汉,中国移动,138,1388612
武汉,中国移动,138,1387149
武汉,中国移动,138,1387113
武汉,中国移动,138,1387127
武汉,中国移动,138,1388609
武汉,中国移动,138,1380716
武汉,中国移动,138,1387153
武汉,中国移动,138,1387139
武汉,中国移动,138,1388611
武汉,中国移动,138,1387103
武汉,中国移动,138,1380715
武汉,中国移动,138,1380717
武汉,中国移动,138,1380074
武汉,中国移动,138,1387123
武汉,中国移动,138,1388607
武汉,中国移动,138,1387112
武汉,中国移动,138,1387133
武汉,中国移动,138,1387130
武汉,中国移动,138,1388619
武汉,中国移动,139,1399556
武汉,中国移动,139,1390862
武汉,中国移动,139,1397116
武汉,中国移动,139,1398608
武汉,中国移动,139,1397117
武汉,中国移动,139,1397133
武汉,中国移动,139,1390714
武汉,中国移动,139,1397137
武汉,中国移动,139,1397136
武汉,中国移动,139,1397145
武汉,中国移动,139,1397161
武汉,中国移动,139,1399558
武汉,中国移动,139,1399569
武汉,中国移动,139,1397147
武汉,中国移动,139,1390711
武汉,中国移动,139,1398614
武汉,中国移动,139,1397141
武汉,中国移动,139,1399553
武汉,中国移动,139,1397101
武汉,中国移动,139,1398609
武汉,中国移动,139,1397157
武汉,中国移动,139,1397154
武汉,中国移动,139,1397113
武汉,中国移动,139,1398601
武汉,中国移动,139,1397102
武汉,中国移动,139,1397123
武汉,中国移动,139,1397103
武汉,中国移动,139,1397158
武汉,中国移动,139,1390716
武汉,中国移动,139,1390864
武汉,中国移动,139,1399563
武汉,中国移动,139,1399562
武汉,中国移动,139,1397149
武汉,中国移动,139,1397134
武汉,中国移动,139,1390715
武汉,中国移动,139,1398611
武汉,中国移动,139,1397151
武汉,中国移动,139,1399566
武汉,中国移动,139,1399568
武汉,中国移动,139,1398607
武汉,中国移动,139,1397106
武汉,中国移动,139,1398622
武汉,中国移动,139,1398621
武汉,中国移动,139,1397114
武汉,中国移动,139,1397122
武汉,中国移动,139,1397129
武汉,中国移动,139,1390717
武汉,中国移动,139,1398626
武汉,中国移动,139,1399555
武汉,中国移动,139,1398612
武汉,中国移动,139,1397140
武汉,中国移动,139,1397109
武汉,中国移动,139,1397126
武汉,中国移动,139,1398606
武汉,中国移动,139,1397165
武汉,中国移动,139,1397119
武汉,中国移动,139,1397168
武汉,中国移动,139,1398600
武汉,中国移动,139,1397139
武汉,中国移动,139,1397148
武汉,中国移动,139,1397124
武汉,中国移动,139,1397120
武汉,中国移动,139,1397156
武汉,中国移动,139,1397167
武汉,中国移动,139,1398602
武汉,中国移动,139,1399557
武汉,中国移动,139,1398624
武汉,中国移动,139,1397163
武汉,中国移动,139,1398617
武汉,中国移动,139,1397166
武汉,中国移动,139,1399550
武汉,中国移动,139,1397110
武汉,中国移动,139,1397125
武汉,中国移动,139,1390863
武汉,中国移动,139,1398613
武汉,中国移动,139,1397153
武汉,中国移动,139,1397118
武汉,中国移动,139,1397138
武汉,中国移动,139,1390718
武汉,中国移动,139,1398627
武汉,中国移动,139,1397162
武汉,中国移动,139,1397111
武汉,中国移动,139,1397164
武汉,中国移动,139,1397152
武汉,中国移动,139,1397132
武汉,中国移动,139,1399567
武汉,中国移动,139,1397142
武汉,中国移动,139,1397100
武汉,中国移动,139,1397107
武汉,中国移动,139,1397121
武汉,中国移动,139,1398618
武汉,中国移动,139,1397112
武汉,中国移动,139,1399551
武汉,中国移动,139,1399560
武汉,中国移动,139,1390865
武汉,中国移动,139,1397127
武汉,中国移动,139,1397115
武汉,中国移动,139,1397108
武汉,中国移动,139,1398623
武汉,中国移动,139,1390719
武汉,中国移动,139,1398616
武汉,中国移动,139,1397143
武汉,中国移动,139,1398615
武汉,中国移动,139,1390713
武汉,中国移动,139,1390071
武汉,中国移动,139,1397155
武汉,中国移动,139,1398603
武汉,中国移动,139,1398604
武汉,中国移动,139,1397128
武汉,中国移动,139,1399564
武汉,中国移动,139,1399554
武汉,中国移动,139,1397104
武汉,中国移动,139,1397144
武汉,中国移动,139,1399565
武汉,中国移动,139,1398628
武汉,中国移动,139,1398625
武汉,中国移动,139,1399559
武汉,中国移动,139,1397130
武汉,中国移动,139,1390712
武汉,中国移动,139,1397159
武汉,中国移动,139,1397105
武汉,中国移动,139,1399561
武汉,中国移动,139,1397135
武汉,中国移动,139,1397131
武汉,中国移动,139,1398620
武汉,中国移动,139,1398629
武汉,中国移动,139,1397146
武汉,中国移动,139,1398610
武汉,中国移动,139,1397150
武汉,中国移动,139,1399552
武汉,中国移动,139,1398619
武汉,中国移动,139,1397169
武汉,中国移动,139,1398605
武汉,中国移动,139,1390710
武汉,中国移动,139,1397160
武汉,中国移动,147,1477160
武汉,中国移动,147,1477162
武汉,中国移动,147,1470714
武汉,中国移动,147,1470273
武汉,中国移动,147,1476558
武汉,中国移动,147,1476698
武汉,中国移动,147,1470279
武汉,中国移动,147,1476561
武汉,中国移动,147,1476697
武汉,中国移动,147,1470275
武汉,中国移动,147,1476695
武汉,中国移动,147,1476560
武汉,中国移动,147,1470710
武汉,中国移动,147,1470711
武汉,中国移动,147,1470276
武汉,中国移动,147,1476563
武汉,中国移动,147,1476699
武汉,中国移动,147,1477161
武汉,中国移动,147,1470277
武汉,中国移动,147,1477163
武汉,中国移动,147,1470271
武汉,中国移动,147,1476564
武汉,中国移动,147,1476559
武汉,中国移动,147,1477167
武汉,中国移动,147,1470713
武汉,中国移动,147,1477164
武汉,中国移动,147,1470272
武汉,中国移动,147,1476688
武汉,中国移动,147,1477165
武汉,中国移动,147,1470274
武汉,中国移动,147,1476696
武汉,中国移动,147,1476689
武汉,中国移动,147,1470270
武汉,中国移动,147,1470278
武汉,中国移动,147,1477169
武汉,中国移动,147,1470712
武汉,中国移动,147,1477166
武汉,中国移动,147,1477168
武汉,中国移动,150,1507145
武汉,中国移动,150,1507240
武汉,中国移动,150,1507115
武汉,中国移动,150,1507125
武汉,中国移动,150,1500279
武汉,中国移动,150,1507112
武汉,中国移动,150,1507120
武汉,中国移动,150,1507136
武汉,中国移动,150,1507246
武汉,中国移动,150,1507238
武汉,中国移动,150,1507236
武汉,中国移动,150,1507111
武汉,中国移动,150,1507146
武汉,中国移动,150,1500710
武汉,中国移动,150,1507231
武汉,中国移动,150,1507107
武汉,中国移动,150,1500277
武汉,中国移动,150,1500278
武汉,中国移动,150,1500711
武汉,中国移动,150,1500275
武汉,中国移动,150,1507241
武汉,中国移动,150,1507243
武汉,中国移动,150,1507237
武汉,中国移动,150,1507124
武汉,中国移动,150,1507234
武汉,中国移动,150,1500713
武汉,中国移动,150,1507244
武汉,中国移动,150,1507129
武汉,中国移动,150,1507239
武汉,中国移动,150,1507138
武汉,中国移动,150,1507233
武汉,中国移动,150,1500272
武汉,中国移动,150,1507232
武汉,中国移动,150,1507121
武汉,中国移动,150,1507242
武汉,中国移动,150,1507248
武汉,中国移动,150,1507130
武汉,中国移动,150,1507114
武汉,中国移动,150,1500274
武汉,中国移动,150,1507137
武汉,中国移动,150,1507144
武汉,中国移动,150,1500276
武汉,中国移动,150,1500716
武汉,中国移动,150,1507126
武汉,中国移动,150,1500714
武汉,中国移动,150,1507140
武汉,中国移动,150,1507245
武汉,中国移动,150,1507139
武汉,中国移动,150,1507104
武汉,中国移动,150,1500717
武汉,中国移动,150,1507249
武汉,中国移动,150,1507106
武汉,中国移动,150,1507135
武汉,中国移动,150,1507105
武汉,中国移动,150,1507116
武汉,中国移动,150,1500712
武汉,中国移动,150,1507141
武汉,中国移动,150,1507134
武汉,中国移动,150,1507131
武汉,中国移动,150,1507132
武汉,中国移动,150,1507110
武汉,中国移动,150,1500715
武汉,中国移动,150,1507143
武汉,中国移动,150,1500273
武汉,中国移动,150,1507101
武汉,中国移动,150,1507102
武汉,中国移动,150,1507127
武汉,中国移动,150,1507109
武汉,中国移动,150,1507117
武汉,中国移动,150,1500718
武汉,中国移动,150,1507122
武汉,中国移动,150,1507113
武汉,中国移动,150,1507118
武汉,中国移动,150,1507119
武汉,中国移动,150,1500719
武汉,中国移动,150,1507128
武汉,中国移动,150,1500271
武汉,中国移动,150,1507230
武汉,中国移动,150,1507142
武汉,中国移动,150,1507108
武汉,中国移动,150,1507149
武汉,中国移动,150,1507123
武汉,中国移动,150,1507235
武汉,中国移动,150,1507247
武汉,中国移动,150,1507148
武汉,中国移动,150,1500270
武汉,中国移动,150,1507147
武汉,中国移动,150,1507133
武汉,中国移动,150,1507103
武汉,中国移动,150,1507100
武汉,中国移动,151,1517251
武汉,中国移动,151,1510714
武汉,中国移动,151,1517150
武汉,中国移动,151,1510712
武汉,中国移动,151,1517232
武汉,中国移动,151,1517247
武汉,中国移动,151,1517253
武汉,中国移动,151,1517149
武汉,中国移动,151,1517242
武汉,中国移动,151,1517249
武汉,中国移动,151,1517238
武汉,中国移动,151,1510710
武汉,中国移动,151,1510274
武汉,中国移动,151,1510273
武汉,中国移动,151,1517147
武汉,中国移动,151,1510713
武汉,中国移动,151,1510271
武汉,中国移动,151,1517252
武汉,中国移动,151,1517241
武汉,中国移动,151,1517143
武汉,中国移动,151,1517231
武汉,中国移动,151,1517243
武汉,中国移动,151,1510711
武汉,中国移动,151,1517233
武汉,中国移动,151,1510718
武汉,中国移动,151,1510278
武汉,中国移动,151,1510277
武汉,中国移动,151,1517235
武汉,中国移动,151,1517237
武汉,中国移动,151,1517141
武汉,中国移动,151,1517240
武汉,中国移动,151,1510717
武汉,中国移动,151,1517239
武汉,中国移动,151,1510276
武汉,中国移动,151,1517245
武汉,中国移动,151,1517234
武汉,中国移动,151,1517148
武汉,中国移动,151,1517144
武汉,中国移动,151,1510272
武汉,中国移动,151,1517142
武汉,中国移动,151,1517236
武汉,中国移动,151,1510270
武汉,中国移动,151,1517250
武汉,中国移动,151,1510719
武汉,中国移动,151,1510715
武汉,中国移动,151,1517145
武汉,中国移动,151,1517248
武汉,中国移动,151,1510716
武汉,中国移动,151,1517146
武汉,中国移动,151,1510275
武汉,中国移动,151,1517244
武汉,中国移动,151,1517246
武汉,中国移动,151,1517254
武汉,中国移动,151,1510279
武汉,中国移动,152,1520277
武汉,中国移动,152,1520712
武汉,中国移动,152,1527194
武汉,中国移动,152,1527187
武汉,中国移动,152,1527193
武汉,中国移动,152,1520272
武汉,中国移动,152,1527185
武汉,中国移动,152,1520278
武汉,中国移动,152,1520270
武汉,中国移动,152,1527181
武汉,中国移动,152,1520275
武汉,中国移动,152,1527188
武汉,中国移动,152,1527184
武汉,中国移动,152,1527189
武汉,中国移动,152,1520276
武汉,中国移动,152,1520718
武汉,中国移动,152,1520715
武汉,中国移动,152,1520717
武汉,中国移动,152,1520716
武汉,中国移动,152,1527192
武汉,中国移动,152,1527180
武汉,中国移动,152,1527186
武汉,中国移动,152,1520711
武汉,中国移动,152,1527191
武汉,中国移动,152,1520719
武汉,中国移动,152,1520271
武汉,中国移动,152,1520710
武汉,中国移动,152,1527190
武汉,中国移动,152,1520273
武汉,中国移动,152,1520274
武汉,中国移动,152,1520279
武汉,中国移动,152,1527182
武汉,中国移动,152,1520714
武汉,中国移动,152,1520713
武汉,中国移动,152,1527183
武汉,中国移动,157,1572705
武汉,中国移动,157,1579991
武汉,中国移动,157,1579705
武汉,中国移动,157,1571713
武汉,中国移动,157,1572706
武汉,中国移动,157,1579701
武汉,中国移动,157,1577104
武汉,中国移动,157,1571711
武汉,中国移动,157,1579704
武汉,中国移动,157,1579988
武汉,中国移动,157,1579990
武汉,中国移动,157,1571712
武汉,中国移动,157,1579992
武汉,中国移动,157,1579993
武汉,中国移动,157,1571717
武汉,中国移动,157,1572702
武汉,中国移动,157,1572704
武汉,中国移动,157,1579706
武汉,中国移动,157,1577102
武汉,中国移动,157,1572700
武汉,中国移动,157,1579987
武汉,中国移动,157,1579985
武汉,中国移动,157,1572701
武汉,中国移动,157,1579700
武汉,中国移动,157,1572707
武汉,中国移动,157,1579708
武汉,中国移动,157,1579994
武汉,中国移动,157,1571710
武汉,中国移动,157,1579986
武汉,中国移动,157,1579707
武汉,中国移动,157,1579703
武汉,中国移动,157,1571715
武汉,中国移动,157,1579989
武汉,中国移动,157,1571714
武汉,中国移动,157,1572703
武汉,中国移动,157,1571719
武汉,中国移动,157,1571716
武汉,中国移动,157,1571718
武汉,中国移动,157,1579745
武汉,中国移动,157,1579746
武汉,中国移动,157,1577103
武汉,中国移动,157,1579702
武汉,中国移动,157,1579744
武汉,中国移动,158,1587135
武汉,中国移动,158,1582703
武汉,中国移动,158,1582702
武汉,中国移动,158,1580274
武汉,中国移动,158,1582710
武汉,中国移动,158,1582711
武汉,中国移动,158,1587173
武汉,中国移动,158,1582765
武汉,中国移动,158,1582726
武汉,中国移动,158,1582750
武汉,中国移动,158,1582713
武汉,中国移动,158,1582733
武汉,中国移动,158,1580277
武汉,中国移动,158,1580270
武汉,中国移动,158,1587178
武汉,中国移动,158,1580713
武汉,中国移动,158,1582720
武汉,中国移动,158,1582762
武汉,中国移动,158,1587241
武汉,中国移动,158,1587149
武汉,中国移动,158,1582736
武汉,中国移动,158,1580711
武汉,中国移动,158,1587146
武汉,中国移动,158,1582731
武汉,中国移动,158,1580271
武汉,中国移动,158,1587170
武汉,中国移动,158,1587141
武汉,中国移动,158,1580716
武汉,中国移动,158,1582763
武汉,中国移动,158,1580272
武汉,中国移动,158,1582759
武汉,中国移动,158,1587179
武汉,中国移动,158,1587144
武汉,中国移动,158,1587140
武汉,中国移动,158,1587176
武汉,中国移动,158,1587242
武汉,中国移动,158,1582716
武汉,中国移动,158,1587239
武汉,中国移动,158,1582737
武汉,中国移动,158,1582753
武汉,中国移动,158,1580710
武汉,中国移动,158,1582769
武汉,中国移动,158,1582732
武汉,中国移动,158,1587235
武汉,中国移动,158,1587138
武汉,中国移动,158,1582704
武汉,中国移动,158,1582748
武汉,中国移动,158,1587168
武汉,中国移动,158,1582752
武汉,中国移动,158,1582754
武汉,中国移动,158,1582715
武汉,中国移动,158,1587180
武汉,中国移动,158,1580275
武汉,中国移动,158,1580712
武汉,中国移动,158,1582708
武汉,中国移动,158,1582755
武汉,中国移动,158,1582717
武汉,中国移动,158,1582751
武汉,中国移动,158,1587237
武汉,中国移动,158,1587172
武汉,中国移动,158,1587181
武汉,中国移动,158,1580273
武汉,中国移动,158,1587169
武汉,中国移动,158,1587240
武汉,中国移动,158,1582727
武汉,中国移动,158,1582760
武汉,中国移动,158,1587139
武汉,中国移动,158,1582723
武汉,中国移动,158,1587145
武汉,中国移动,158,1582714
武汉,中国移动,158,1582728
武汉,中国移动,158,1582721
武汉,中国移动,158,1580719
武汉,中国移动,158,1587174
武汉,中国移动,158,1580718
武汉,中国移动,158,1587142
武汉,中国移动,158,1582734
武汉,中国移动,158,1582742
武汉,中国移动,158,1582767
武汉,中国移动,158,1587177
武汉,中国移动,158,1582724
武汉,中国移动,158,1580276
武汉,中国移动,158,1582749
武汉,中国移动,158,1582729
武汉,中国移动,158,1582722
武汉,中国移动,158,1587175
武汉,中国移动,158,1582707
武汉,中国移动,158,1582739
武汉,中国移动,158,1587182
武汉,中国移动,158,1582758
武汉,中国移动,158,1580715
武汉,中国移动,158,1582757
武汉,中国移动,158,1582745
武汉,中国移动,158,1582746
武汉,中国移动,158,1587136
武汉,中国移动,158,1582719
武汉,中国移动,158,1582761
武汉,中国移动,158,1582712
武汉,中国移动,158,1582766
武汉,中国移动,158,1582744
武汉,中国移动,158,1587147
武汉,中国移动,158,1580279
武汉,中国移动,158,1582747
武汉,中国移动,158,1582743
武汉,中国移动,158,1582741
武汉,中国移动,158,1582735
武汉,中国移动,158,1580717
武汉,中国移动,158,1587238
武汉,中国移动,158,1582700
武汉,中国移动,158,1582725
武汉,中国移动,158,1582718
武汉,中国移动,158,1582730
武汉,中国移动,158,1582709
武汉,中国移动,158,1582756
武汉,中国移动,158,1582768
武汉,中国移动,158,1582701
武汉,中国移动,158,1587171
武汉,中国移动,158,1587137
武汉,中国移动,158,1580714
武汉,中国移动,158,1587148
武汉,中国移动,158,1587243
武汉,中国移动,158,1582740
武汉,中国移动,158,1587236
武汉,中国移动,158,1582738
武汉,中国移动,158,1582764
武汉,中国移动,158,1582706
武汉,中国移动,158,1582705
武汉,中国移动,158,1580278
武汉,中国移动,158,1587143
武汉,中国移动,159,1592701
武汉,中国移动,159,1592712
武汉,中国移动,159,1592724
武汉,中国移动,159,1592756
武汉,中国移动,159,1592738
武汉,中国移动,159,1592628
武汉,中国移动,159,1599428
武汉,中国移动,159,1597212
武汉,中国移动,159,1597204
武汉,中国移动,159,1590274
武汉,中国移动,159,1592706
武汉,中国移动,159,1597292
武汉,中国移动,159,1592766
武汉,中国移动,159,1592627
武汉,中国移动,159,1597222
武汉,中国移动,159,1592621
武汉,中国移动,159,1592736
武汉,中国移动,159,1597219
武汉,中国移动,159,1592721
武汉,中国移动,159,1599422
武汉,中国移动,159,1592747
武汉,中国移动,159,1592714
武汉,中国移动,159,1592743
武汉,中国移动,159,1599424
武汉,中国移动,159,1592641
武汉,中国移动,159,1592629
武汉,中国移动,159,1592746
武汉,中国移动,159,1597209
武汉,中国移动,159,1592734
武汉,中国移动,159,1592702
武汉,中国移动,159,1597220
武汉,中国移动,159,1590273
武汉,中国移动,159,1592631
武汉,中国移动,159,1590718
武汉,中国移动,159,1592643
武汉,中国移动,159,1599743
武汉,中国移动,159,1597216
武汉,中国移动,159,1592713
武汉,中国移动,159,1599744
武汉,中国移动,159,1590710
武汉,中国移动,159,1597201
武汉,中国移动,159,1592633
武汉,中国移动,159,1592700
武汉,中国移动,159,1590717
武汉,中国移动,159,1592716
武汉,中国移动,159,1597145
武汉,中国移动,159,1592729
武汉,中国移动,159,1592625
武汉,中国移动,159,1592709
武汉,中国移动,159,1590719
武汉,中国移动,159,1592742
武汉,中国移动,159,1599745
武汉,中国移动,159,1592728
武汉,中国移动,159,1592648
武汉,中国移动,159,1592715
武汉,中国移动,159,1597291
武汉,中国移动,159,1592632
武汉,中国移动,159,1590276
武汉,中国移动,159,1592718
武汉,中国移动,159,1592730
武汉,中国移动,159,1592733
武汉,中国移动,159,1599421
武汉,中国移动,159,1592762
武汉,中国移动,159,1590713
武汉,中国移动,159,1592725
武汉,中国移动,159,1597299
武汉,中国移动,159,1590711
武汉,中国移动,159,1599740
武汉,中国移动,159,1590277
武汉,中国移动,159,1592710
武汉,中国移动,159,1592737
武汉,中国移动,159,1592707
武汉,中国移动,159,1592752
武汉,中国移动,159,1597208
武汉,中国移动,159,1597207
武汉,中国移动,159,1597217
武汉,中国移动,159,1592638
武汉,中国移动,159,1597213
武汉,中国移动,159,1592732
武汉,中国移动,159,1597218
武汉,中国移动,159,1592731
武汉,中国移动,159,1592768
武汉,中国移动,159,1599427
武汉,中国移动,159,1590275
武汉,中国移动,159,1597206
武汉,中国移动,159,1592755
武汉,中国移动,159,1590279
武汉,中国移动,159,1592744
武汉,中国移动,159,1590278
武汉,中国移动,159,1592727
武汉,中国移动,159,1592751
武汉,中国移动,159,1592636
武汉,中国移动,159,1592765
武汉,中国移动,159,1597202
武汉,中国移动,159,1597290
武汉,中国移动,159,1599429
武汉,中国移动,159,1592759
武汉,中国移动,159,1592640
武汉,中国移动,159,1599423
武汉,中国移动,159,1592645
武汉,中国移动,159,1597141
武汉,中国移动,159,1597211
武汉,中国移动,159,1597200
武汉,中国移动,159,1597296
武汉,中国移动,159,1599420
武汉,中国移动,159,1592769
武汉,中国移动,159,1599746
武汉,中国移动,159,1599749
武汉,中国移动,159,1592624
武汉,中国移动,159,1597147
武汉,中国移动,159,1597221
武汉,中国移动,159,1592767
武汉,中国移动,159,1592634
武汉,中国移动,159,1592708
武汉,中国移动,159,1597143
武汉,中国移动,159,1592763
武汉,中国移动,159,1597214
武汉,中国移动,159,1592635
武汉,中国移动,159,1592741
武汉,中国移动,159,1592637
武汉,中国移动,159,1599742
武汉,中国移动,159,1592754
武汉,中国移动,159,1590271
武汉,中国移动,159,1590272
武汉,中国移动,159,1592748
武汉,中国移动,159,1599747
武汉,中国移动,159,1592757
武汉,中国移动,159,1590270
武汉,中国移动,159,1592753
武汉,中国移动,159,1592749
武汉,中国移动,159,1592642
武汉,中国移动,159,1599748
武汉,中国移动,159,1592644
武汉,中国移动,159,1590715
武汉,中国移动,159,1597142
武汉,中国移动,159,1592764
武汉,中国移动,159,1599425
武汉,中国移动,159,1592711
武汉,中国移动,159,1597293
武汉,中国移动,159,1599741
武汉,中国移动,159,1592719
武汉,中国移动,159,1592758
武汉,中国移动,159,1597297
武汉,中国移动,159,1590712
武汉,中国移动,159,1592740
武汉,中国移动,159,1592739
武汉,中国移动,159,1592735
武汉,中国移动,159,1592722
武汉,中国移动,159,1592720
武汉,中国移动,159,1592622
武汉,中国移动,159,1592620
武汉,中国移动,159,1592760
武汉,中国移动,159,1592639
武汉,中国移动,159,1592705
武汉,中国移动,159,1592750
武汉,中国移动,159,1597149
武汉,中国移动,159,1592704
武汉,中国移动,159,1597144
武汉,中国移动,159,1597150
武汉,中国移动,159,1592703
武汉,中国移动,159,1599426
武汉,中国移动,159,1592649
武汉,中国移动,159,1592626
武汉,中国移动,159,1592647
武汉,中国移动,159,1592646
武汉,中国移动,159,1597215
武汉,中国移动,159,1597298
武汉,中国移动,159,1597203
武汉,中国移动,159,1597294
武汉,中国移动,159,1592623
武汉,中国移动,159,1597148
武汉,中国移动,159,1592630
武汉,中国移动,159,1597210
武汉,中国移动,159,1592726
武汉,中国移动,159,1590716
武汉,中国移动,159,1597146
武汉,中国移动,159,1592717
武汉,中国移动,159,1592723
武汉,中国移动,159,1597205
武汉,中国移动,159,1597295
武汉,中国移动,159,1592745
武汉,中国移动,159,1590714
武汉,中国移动,159,1592761
武汉,中国移动,165,1651140
武汉,中国移动,165,1652277
武汉,中国移动,165,1655265
武汉,中国移动,165,1650560
武汉,中国移动,165,1657718
武汉,中国移动,165,1655604
武汉,中国移动,165,1651027
武汉,中国移动,165,1651165
武汉,中国移动,165,1650006
武汉,中国移动,165,1655269
武汉,中国移动,165,1655268
武汉,中国移动,165,1650708
武汉,中国移动,165,1653902
武汉,中国移动,165,1655267
武汉,中国移动,165,1656274
武汉,中国移动,165,1656273
武汉,中国移动,165,1657699
武汉,中国移动,165,1655027
武汉,中国移动,165,1657738
武汉,中国移动,165,1655607
武汉,中国移动,165,1657712
武汉,中国移动,165,1651352
武汉,中国移动,165,1657717
武汉,中国移动,165,1653510
武汉,中国移动,165,1650005
武汉,中国移动,165,1652127
武汉,中国移动,165,1651725
武汉,中国移动,165,1651153
武汉,中国移动,165,1650709
武汉,中国移动,165,1653270
武汉,中国移动,165,1651727
武汉,中国移动,165,1650007
武汉,中国移动,165,1652070
武汉,中国移动,172,1728255
武汉,中国移动,172,1729792
武汉,中国移动,172,1724507
武汉,中国移动,172,1728222
武汉,中国移动,172,1728231
武汉,中国移动,172,1729790
武汉,中国移动,172,1729621
武汉,中国移动,172,1729789
武汉,中国移动,172,1720116
武汉,中国移动,172,1728254
武汉,中国移动,172,1721332
武汉,中国移动,172,1729793
武汉,中国移动,172,1721334
武汉,中国移动,172,1724502
武汉,中国移动,172,1728253
武汉,中国移动,172,1724503
武汉,中国移动,172,1728225
武汉,中国移动,172,1728223
武汉,中国移动,172,1724501
武汉,中国移动,172,1721335
武汉,中国移动,172,1721333
武汉,中国移动,172,1728220
武汉,中国移动,172,1724506
武汉,中国移动,172,1721336
武汉,中国移动,172,1729791
武汉,中国移动,172,1720117
武汉,中国移动,172,1728221
武汉,中国移动,172,1724504
武汉,中国移动,172,1724505
武汉,中国移动,172,1726172
武汉,中国移动,172,1724500
武汉,中国移动,178,1787158
武汉,中国移动,178,1786644
武汉,中国移动,178,1787114
武汉,中国移动,178,1786642
武汉,中国移动,178,1787119
武汉,中国移动,178,1787167
武汉,中国移动,178,1787104
武汉,中国移动,178,1787166
武汉,中国移动,178,1787165
武汉,中国移动,178,1787180
武汉,中国移动,178,1780270
武汉,中国移动,178,1787118
武汉,中国移动,178,1787123
武汉,中国移动,178,1789711
武汉,中国移动,178,1780271
武汉,中国移动,178,1780718
武汉,中国移动,178,1787174
武汉,中国移动,178,1787112
武汉,中国移动,178,1788682
武汉,中国移动,178,1780714
武汉,中国移动,178,1780272
武汉,中国移动,178,1784785
武汉,中国移动,178,1786643
武汉,中国移动,178,1787139
武汉,中国移动,178,1787179
武汉,中国移动,182,1827144
武汉,中国移动,182,1827139
武汉,中国移动,182,1827147
武汉,中国移动,182,1820273
武汉,中国移动,182,1820276
武汉,中国移动,182,1827183
武汉,中国移动,182,1820279
武汉,中国移动,182,1827190
武汉,中国移动,182,1820275
武汉,中国移动,182,1827201
武汉,中国移动,182,1827249
武汉,中国移动,182,1827197
武汉,中国移动,182,1827248
武汉,中国移动,182,1827195
武汉,中国移动,182,1820274
武汉,中国移动,182,1820719
武汉,中国移动,182,1827186
武汉,中国移动,182,1820715
武汉,中国移动,182,1827146
武汉,中国移动,182,1827192
武汉,中国移动,182,1827145
武汉,中国移动,182,1820718
武汉,中国移动,182,1827180
武汉,中国移动,182,1820277
武汉,中国移动,182,1820271
武汉,中国移动,182,1827202
武汉,中国移动,182,1827141
武汉,中国移动,182,1827184
武汉,中国移动,182,1827193
武汉,中国移动,182,1827198
武汉,中国移动,182,1827194
武汉,中国移动,182,1827143
武汉,中国移动,182,1827150
武汉,中国移动,182,1827182
武汉,中国移动,182,1827142
武汉,中国移动,182,1820278
武汉,中国移动,182,1827189
武汉,中国移动,182,1827200
武汉,中国移动,182,1820710
武汉,中国移动,182,1820711
武汉,中国移动,182,1820712
武汉,中国移动,182,1827199
武汉,中国移动,182,1827187
武汉,中国移动,182,1820714
武汉,中国移动,182,1827140
武汉,中国移动,182,1827181
武汉,中国移动,182,1827149
武汉,中国移动,182,1827188
武汉,中国移动,182,1820270
武汉,中国移动,182,1827148
武汉,中国移动,182,1820716
武汉,中国移动,182,1827196
武汉,中国移动,182,1820713
武汉,中国移动,182,1827185
武汉,中国移动,182,1820717
武汉,中国移动,182,1827191
武汉,中国移动,182,1820272
武汉,中国移动,183,1832728
武汉,中国移动,183,1830271
武汉,中国移动,183,1832730
武汉,中国移动,183,1832729
武汉,中国移动,183,1837210
武汉,中国移动,183,1832700
武汉,中国移动,183,1832726
武汉,中国移动,183,1837118
武汉,中国移动,183,1837213
武汉,中国移动,183,1837218
武汉,中国移动,183,1837201
武汉,中国移动,183,1837199
武汉,中国移动,183,1837202
武汉,中国移动,183,1837209
武汉,中国移动,183,1832713
武汉,中国移动,183,1832735
武汉,中国移动,183,1832711
武汉,中国移动,183,1837146
武汉,中国移动,183,1832705
武汉,中国移动,183,1832704
武汉,中国移动,183,1832719
武汉,中国移动,183,1837128
武汉,中国移动,183,1837214
武汉,中国移动,183,1832720
武汉,中国移动,183,1837198
武汉,中国移动,183,1832706
武汉,中国移动,183,1832703
武汉,中国移动,183,1837206
武汉,中国移动,183,1837147
武汉,中国移动,183,1832723
武汉,中国移动,183,1832707
武汉,中国移动,183,1832716
武汉,中国移动,183,1830276
武汉,中国移动,183,1837212
武汉,中国移动,183,1830279
武汉,中国移动,183,1832710
武汉,中国移动,183,1832727
武汉,中国移动,183,1837207
武汉,中国移动,183,1837208
武汉,中国移动,183,1832739
武汉,中国移动,183,1837216
武汉,中国移动,183,1837203
武汉,中国移动,183,1832701
武汉,中国移动,183,1830277
武汉,中国移动,183,1832721
武汉,中国移动,183,1837200
武汉,中国移动,183,1832737
武汉,中国移动,183,1832722
武汉,中国移动,183,1832733
武汉,中国移动,183,1832725
武汉,中国移动,183,1830270
武汉,中国移动,183,1832708
武汉,中国移动,183,1832712
武汉,中国移动,183,1832709
武汉,中国移动,183,1837204
武汉,中国移动,183,1830275
武汉,中国移动,183,1832736
武汉,中国移动,183,1832732
武汉,中国移动,183,1830273
武汉,中国移动,183,1837117
武汉,中国移动,183,1837219
武汉,中国移动,183,1832715
武汉,中国移动,183,1832734
武汉,中国移动,183,1837119
武汉,中国移动,183,1837129
武汉,中国移动,183,1837145
武汉,中国移动,183,1832718
武汉,中国移动,183,1830272
武汉,中国移动,183,1837211
武汉,中国移动,183,1837215
武汉,中国移动,183,1832724
武汉,中国移动,183,1832714
武汉,中国移动,183,1837205
武汉,中国移动,183,1832731
武汉,中国移动,183,1832702
武汉,中国移动,183,1837149
武汉,中国移动,183,1830278
武汉,中国移动,183,1832717
武汉,中国移动,183,1830274
武汉,中国移动,183,1837217
武汉,中国移动,183,1832738
武汉,中国移动,183,1837148
武汉,中国移动,184,1842748
武汉,中国移动,184,1849577
武汉,中国移动,184,1842771
武汉,中国移动,184,1842723
武汉,中国移动,184,1847195
武汉,中国移动,184,1847205
武汉,中国移动,184,1849578
武汉,中国移动,184,1847193
武汉,中国移动,184,1840272
武汉,中国移动,184,1847167
武汉,中国移动,184,1847199
武汉,中国移动,184,1842721
武汉,中国移动,184,1842750
武汉,中国移动,184,1849399
武汉,中国移动,184,1842786
武汉,中国移动,184,1842729
武汉,中国移动,184,1842728
武汉,中国移动,184,1842797
武汉,中国移动,184,1847168
武汉,中国移动,184,1842751
武汉,中国移动,184,1842759
武汉,中国移动,184,1842758
武汉,中国移动,184,1842730
武汉,中国移动,184,1847207
武汉,中国移动,184,1842756
武汉,中国移动,184,1842744
武汉,中国移动,184,1842731
武汉,中国移动,184,1842706
武汉,中国移动,184,1842757
武汉,中国移动,184,1849582
武汉,中国移动,184,1842792
武汉,中国移动,184,1842724
武汉,中国移动,184,1849561
武汉,中国移动,184,1847191
武汉,中国移动,184,1842772
武汉,中国移动,184,1842709
武汉,中国移动,184,1842727
武汉,中国移动,184,1842778
武汉,中国移动,184,1847201
武汉,中国移动,184,1849554
武汉,中国移动,184,1849569
武汉,中国移动,184,1842708
武汉,中国移动,184,1842720
武汉,中国移动,184,1849562
武汉,中国移动,184,1849557
武汉,中国移动,184,1842701
武汉,中国移动,184,1849563
武汉,中国移动,184,1849390
武汉,中国移动,184,1847147
武汉,中国移动,184,1849558
武汉,中国移动,184,1849551
武汉,中国移动,184,1847196
武汉,中国移动,184,1847208
武汉,中国移动,184,1842741
武汉,中国移动,184,1847174
武汉,中国移动,184,1842770
武汉,中国移动,184,1842780
武汉,中国移动,184,1842798
武汉,中国移动,184,1849567
武汉,中国移动,184,1842745
武汉,中国移动,184,1847192
武汉,中国移动,184,1842700
武汉,中国移动,184,1849584
武汉,中国移动,184,1840279
武汉,中国移动,184,1849571
武汉,中国移动,184,1842753
武汉,中国移动,184,1842760
武汉,中国移动,184,1840276
武汉,中国移动,184,1842732
武汉,中国移动,184,1842761
武汉,中国移动,184,1849581
武汉,中国移动,184,1842794
武汉,中国移动,184,1842734
武汉,中国移动,184,1849583
武汉,中国移动,184,1849564
武汉,中国移动,184,1847173
武汉,中国移动,184,1842779
武汉,中国移动,184,1849550
武汉,中国移动,184,1842776
武汉,中国移动,184,1847194
武汉,中国移动,184,1840278
武汉,中国移动,184,1842752
武汉,中国移动,184,1849559
武汉,中国移动,184,1849574
武汉,中国移动,184,1842763
武汉,中国移动,184,1847204
武汉,中国移动,184,1842703
武汉,中国移动,184,1849391
武汉,中国移动,184,1847175
武汉,中国移动,184,1842781
武汉,中国移动,184,1849395
武汉,中国移动,184,1842735
武汉,中国移动,184,1847225
武汉,中国移动,184,1847148
武汉,中国移动,184,1842737
武汉,中国移动,184,1842789
武汉,中国移动,184,1842790
武汉,中国移动,184,1842754
武汉,中国移动,184,1847178
武汉,中国移动,184,1849555
武汉,中国移动,184,1840271
武汉,中国移动,184,1849397
武汉,中国移动,184,1842725
武汉,中国移动,184,1840274
武汉,中国移动,184,1842799
武汉,中国移动,184,1842765
武汉,中国移动,184,1842785
武汉,中国移动,184,1842795
武汉,中国移动,184,1849570
武汉,中国移动,184,1849394
武汉,中国移动,184,1842702
武汉,中国移动,184,1849579
武汉,中国移动,184,1842755
武汉,中国移动,184,1840277
武汉,中国移动,184,1842774
武汉,中国移动,184,1842773
武汉,中国移动,184,1842746
武汉,中国移动,184,1842743
武汉,中国移动,184,1842784
武汉,中国移动,184,1849589
武汉,中国移动,184,1842764
武汉,中国移动,184,1842762
武汉,中国移动,184,1842775
武汉,中国移动,184,1847200
武汉,中国移动,184,1847197
武汉,中国移动,184,1847177
武汉,中国移动,184,1849580
武汉,中国移动,184,1842704
武汉,中国移动,184,1849565
武汉,中国移动,184,1842707
武汉,中国移动,184,1842740
武汉,中国移动,184,1842788
武汉,中国移动,184,1842769
武汉,中国移动,184,1847202
武汉,中国移动,184,1849573
武汉,中国移动,184,1849588
武汉,中国移动,184,1840275
武汉,中国移动,184,1847149
武汉,中国移动,184,1849556
武汉,中国移动,184,1849568
武汉,中国移动,184,1842783
武汉,中国移动,184,1842767
武汉,中国移动,184,1842738
武汉,中国移动,184,1847169
武汉,中国移动,184,1847223
武汉,中国移动,184,1849586
武汉,中国移动,184,1842787
武汉,中国移动,184,1847203
武汉,中国移动,184,1842736
武汉,中国移动,184,1849553
武汉,中国移动,184,1842747
武汉,中国移动,184,1842749
武汉,中国移动,184,1849572
武汉,中国移动,184,1842705
武汉,中国移动,184,1842722
武汉,中国移动,184,1842782
武汉,中国移动,184,1847176
武汉,中国移动,184,1842733
武汉,中国移动,184,1847226
武汉,中国移动,184,1842739
武汉,中国移动,184,1847206
武汉,中国移动,184,1849396
武汉,中国移动,184,1842768
武汉,中国移动,184,1849552
武汉,中国移动,184,1842726
武汉,中国移动,184,1847190
武汉,中国移动,184,1849576
武汉,中国移动,184,1849398
武汉,中国移动,184,1849560
武汉,中国移动,184,1842796
武汉,中国移动,184,1847209
武汉,中国移动,184,1849392
武汉,中国移动,184,1849566
武汉,中国移动,184,1842742
武汉,中国移动,184,1840270
武汉,中国移动,184,1849587
武汉,中国移动,184,1847198
武汉,中国移动,184,1849585
武汉,中国移动,184,1840273
武汉,中国移动,184,1842791
武汉,中国移动,184,1842766
武汉,中国移动,184,1849393
武汉,中国移动,184,1842793
武汉,中国移动,184,1849575
武汉,中国移动,184,1842777
武汉,中国移动,187,1870717
武汉,中国移动,187,1870278
武汉,中国移动,187,1870710
武汉,中国移动,187,1877192
武汉,中国移动,187,1870277
武汉,中国移动,187,1877100
武汉,中国移动,187,1877101
武汉,中国移动,187,1870276
武汉,中国移动,187,1870275
武汉,中国移动,187,1870719
武汉,中国移动,187,1877195
武汉,中国移动,187,1877198
武汉,中国移动,187,1870713
武汉,中国移动,187,1870272
武汉,中国移动,187,1871719
武汉,中国移动,187,1877197
武汉,中国移动,187,1877193
武汉,中国移动,187,1870270
武汉,中国移动,187,1877102
武汉,中国移动,187,1877112
武汉,中国移动,187,1870716
武汉,中国移动,187,1870279
武汉,中国移动,187,1870711
武汉,中国移动,187,1877107
武汉,中国移动,187,1871716
武汉,中国移动,187,1870274
武汉,中国移动,187,1871714
武汉,中国移动,187,1877103
武汉,中国移动,187,1870271
武汉,中国移动,187,1871713
武汉,中国移动,187,1870714
武汉,中国移动,187,1871711
武汉,中国移动,187,1877104
武汉,中国移动,187,1877110
武汉,中国移动,187,1871718
武汉,中国移动,187,1871715
武汉,中国移动,187,1870718
武汉,中国移动,187,1877111
武汉,中国移动,187,1871710
武汉,中国移动,187,1871717
武汉,中国移动,187,1877106
武汉,中国移动,187,1870273
武汉,中国移动,187,1877113
武汉,中国移动,187,1877114
武汉,中国移动,187,1877105
武汉,中国移动,187,1871712
武汉,中国移动,187,1877194
武汉,中国移动,187,1870712
武汉,中国移动,187,1870715
武汉,中国移动,187,1877109
武汉,中国移动,187,1877199
武汉,中国移动,187,1877196
武汉,中国移动,187,1877108
武汉,中国移动,188,1882743
武汉,中国移动,188,1880710
武汉,中国移动,188,1882733
武汉,中国移动,188,1882703
武汉,中国移动,188,1887117
武汉,中国移动,188,1880863
武汉,中国移动,188,1887158
武汉,中国移动,188,1882709
武汉,中国移动,188,1880273
武汉,中国移动,188,1880719
武汉,中国移动,188,1882764
武汉,中国移动,188,1880715
武汉,中国移动,188,1887118
武汉,中国移动,188,1880864
武汉,中国移动,188,1887143
武汉,中国移动,188,1887220
武汉,中国移动,188,1882767
武汉,中国移动,188,1882740
武汉,中国移动,188,1887115
武汉,中国移动,188,1880865
武汉,中国移动,188,1882738
武汉,中国移动,188,1882762
武汉,中国移动,188,1882766
武汉,中国移动,188,1880716
武汉,中国移动,188,1880712
武汉,中国移动,188,1887228
武汉,中国移动,188,1882706
武汉,中国移动,188,1882761
武汉,中国移动,188,1882705
武汉,中国移动,188,1887147
武汉,中国移动,188,1887222
武汉,中国移动,188,1880711
武汉,中国移动,188,1887148
武汉,中国移动,188,1887186
武汉,中国移动,188,1880276
武汉,中国移动,188,1882737
武汉,中国移动,188,1887142
武汉,中国移动,188,1887144
武汉,中国移动,188,1887187
武汉,中国移动,188,1887225
武汉,中国移动,188,1880275
武汉,中国移动,188,1880713
武汉,中国移动,188,1882708
武汉,中国移动,188,1887248
武汉,中国移动,188,1887116
武汉,中国移动,188,1882707
武汉,中国移动,188,1882702
武汉,中国移动,188,1880274
武汉,中国移动,188,1880278
武汉,中国移动,188,1887224
武汉,中国移动,188,1880279
武汉,中国移动,188,1882736
武汉,中国移动,188,1887149
武汉,中国移动,188,1882735
武汉,中国移动,188,1887185
武汉,中国移动,188,1882701
武汉,中国移动,188,1887145
武汉,中国移动,188,1887227
武汉,中国移动,188,1880714
武汉,中国移动,188,1882763
武汉,中国移动,188,1882734
武汉,中国移动,188,1882700
武汉,中国移动,188,1880862
武汉,中国移动,188,1882739
武汉,中国移动,188,1882765
武汉,中国移动,188,1882760
武汉,中国移动,188,1880718
武汉,中国移动,188,1887119
武汉,中国移动,188,1887157
武汉,中国移动,188,1880277
武汉,中国移动,188,1887226
武汉,中国移动,188,1882744
武汉,中国移动,188,1880272
武汉,中国移动,188,1887146
武汉,中国移动,188,1887223
武汉,中国移动,188,1880270
武汉,中国移动,188,1882741
武汉,中国移动,188,1887247
武汉,中国移动,188,1887188
武汉,中国移动,188,1880717
武汉,中国移动,188,1880271
武汉,中国移动,188,1887221
武汉,中国移动,188,1882742
武汉,中国移动,188,1882704
武汉,中国移动,195,1957166
武汉,中国移动,195,1957120
武汉,中国移动,195,1957108
武汉,中国移动,195,1957174
武汉,中国移动,195,1957116
武汉,中国移动,195,1952295
武汉,中国移动,195,1952622
武汉,中国移动,195,1952641
武汉,中国移动,195,1957111
武汉,中国移动,195,1953786
武汉,中国移动,195,1952638
武汉,中国移动,195,1952299
武汉,中国移动,195,1952292
武汉,中国移动,195,1957119
武汉,中国移动,195,1957168
武汉,中国移动,195,1957114
武汉,中国移动,195,1952298
武汉,中国移动,195,1957115
武汉,中国移动,195,1952111
武汉,中国移动,195,1953785
武汉,中国移动,195,1957169
武汉,中国移动,195,1957246
武汉,中国移动,195,1957121
武汉,中国移动,195,1952293
武汉,中国移动,195,1957173
武汉,中国移动,195,1957110
武汉,中国移动,195,1957112
武汉,中国移动,195,1952461
武汉,中国移动,195,1952637
武汉,中国移动,195,1953749
武汉,中国移动,195,1957107
武汉,中国移动,195,1957171
武汉,中国移动,195,1957172
武汉,中国移动,195,1953905
武汉,中国移动,195,1957118
武汉,中国移动,195,1953754
武汉,中国移动,195,1952291
武汉,中国移动,195,1957105
武汉,中国移动,195,1957117
武汉,中国移动,195,1957167
武汉,中国移动,195,1952297
武汉,中国移动,195,1952294
武汉,中国移动,195,1957240
武汉,中国移动,195,1952949
武汉,中国移动,195,1952296
武汉,中国移动,195,1957241
武汉,中国移动,195,1953084
武汉,中国移动,195,1953764
武汉,中国移动,195,1957106
武汉,中国移动,195,1952611
武汉,中国移动,195,1952600
武汉,中国移动,195,1957245
武汉,中国移动,195,1957109
武汉,中国移动,195,1957113
武汉,中国移动,195,1957170
武汉,中国移动,195,1957104
武汉,中国移动,198,1988841
武汉,中国移动,198,1987154
武汉,中国移动,198,1987227
武汉,中国移动,198,1987229
武汉,中国移动,198,1987228
武汉,中国移动,198,1987102
武汉,中国移动,198,1984164
武汉,中国移动,198,1987158
武汉,中国移动,198,1980726
武汉,中国移动,198,1987152
武汉,中国移动,198,1988842
武汉,中国移动,198,1987104
武汉,中国移动,198,1981372
武汉,中国移动,198,1980725
武汉,中国移动,198,1987155
武汉,中国移动,198,1988834
武汉,中国移动,198,1988840
武汉,中国移动,198,1987150
武汉,中国移动,198,1987151
武汉,中国移动,198,1987230
武汉,中国移动,198,1987108
武汉,中国移动,198,1987101
武汉,中国移动,198,1987153
武汉,中国移动,198,1987100
武汉,中国移动,198,1987156
武汉,中国移动,198,1980727
武汉,中国移动,198,1980723
武汉,中国移动,198,1987157
武汉,中国移动,198,1987144
武汉,中国移动,198,1988844
武汉,中国移动,134,1347701
武汉,中国移动,134,1341959
武汉,中国移动,134,1340711
武汉,中国移动,134,1344071
武汉,中国移动,134,1347623
武汉,中国移动,134,1340717
武汉,中国移动,134,1346998
武汉,中国移动,134,1340710
武汉,中国移动,134,1343715
武汉,中国移动,134,1341961
武汉,中国移动,134,1341966
武汉,中国移动,134,1342986
武汉,中国移动,134,1342987
武汉,中国移动,134,1347683
武汉,中国移动,134,1347627
武汉,中国移动,134,1343729
武汉,中国移动,134,1340715
武汉,中国移动,134,1342985
武汉,中国移动,134,1347709
武汉,中国移动,134,1348707
武汉,中国移动,134,1347626
武汉,中国移动,134,1347706
武汉,中国移动,134,1344079
武汉,中国移动,134,1346997
武汉,中国移动,134,1343716
武汉,中国移动,134,1347620
武汉,中国移动,134,1347702
武汉,中国移动,134,1347616
武汉,中国移动,134,1347610
武汉,中国移动,134,1347617
武汉,中国移动,134,1347618
武汉,中国移动,134,1340716
武汉,中国移动,134,1341958
武汉,中国移动,134,1341952
武汉,中国移动,134,1347625
武汉,中国移动,134,1347608
武汉,中国移动,134,1343725
武汉,中国移动,134,1347686
武汉,中国移动,134,1347602
武汉,中国移动,134,1347611
武汉,中国移动,134,1343712
武汉,中国移动,134,1341968
武汉,中国移动,134,1348709
武汉,中国移动,134,1343713
武汉,中国移动,134,1347681
武汉,中国移动,134,1340712
武汉,中国移动,134,1347621
武汉,中国移动,134,1343711
武汉,中国移动,134,1347614
武汉,中国移动,134,1347704
武汉,中国移动,134,1347707
武汉,中国移动,134,1343727
武汉,中国移动,134,1341953
武汉,中国移动,134,1341951
武汉,中国移动,134,1347612
武汉,中国移动,134,1347628
武汉,中国移动,134,1347685
武汉,中国移动,134,1341954
武汉,中国移动,134,1341962
武汉,中国移动,134,1347603
武汉,中国移动,134,1347604
武汉,中国移动,134,1346996
武汉,中国移动,134,1347680
武汉,中国移动,134,1343710
武汉,中国移动,134,1340714
武汉,中国移动,134,1341965
武汉,中国移动,134,1342983
武汉,中国移动,134,1340713
武汉,中国移动,134,1343728
武汉,中国移动,134,1347679
武汉,中国移动,134,1348708
武汉,中国移动,134,1346995
武汉,中国移动,134,1347615
武汉,中国移动,134,1347708
武汉,中国移动,134,1341967
武汉,中国移动,134,1347600
武汉,中国移动,134,1341960
武汉,中国移动,134,1341964
武汉,中国移动,134,1347607
武汉,中国移动,134,1347705
武汉,中国移动,134,1347613
武汉,中国移动,134,1347684
武汉,中国移动,134,1343714
武汉,中国移动,134,1347682
武汉,中国移动,134,1342982
武汉,中国移动,134,1341955
武汉,中国移动,134,1347605
武汉,中国移动,134,1342981
武汉,中国移动,134,1341956
武汉,中国移动,134,1347700
武汉,中国移动,134,1341957
武汉,中国移动,134,1341963
武汉,中国移动,134,1342988
武汉,中国移动,134,1347601
武汉,中国移动,134,1340718
武汉,中国移动,134,1347629
武汉,中国移动,134,1347622
武汉,中国移动,134,1341969
武汉,中国移动,134,1343717
武汉,中国移动,134,1342984
武汉,中国移动,134,1340719
武汉,中国移动,134,1347609
武汉,中国移动,134,1342989
武汉,中国移动,134,1347606
武汉,中国移动,134,1347619
武汉,中国移动,134,1343718
武汉,中国移动,134,1347703
武汉,中国移动,134,1343719
武汉,中国移动,134,1341950
武汉,中国移动,134,1343726
武汉,中国移动,134,1347624
武汉,中国移动,134,1346999
武汉,中国移动,134,1342980
武汉,中国移动,135,1354500
武汉,中国移动,135,1354588
武汉,中国移动,135,1355440
武汉,中国移动,135,1354506
武汉,中国移动,135,1351722
武汉,中国移动,135,1355469
武汉,中国移动,135,1354521
武汉,中国移动,135,1351711
武汉,中国移动,135,1354507
武汉,中国移动,135,1355421
武汉,中国移动,135,1351724
武汉,中国移动,135,1350715
武汉,中国移动,135,1351710
武汉,中国移动,135,1355411
武汉,中国移动,135,1350719
武汉,中国移动,135,1355402
武汉,中国移动,135,1355417
武汉,中国移动,135,1355435
武汉,中国移动,135,1355409
武汉,中国移动,135,1351729
武汉,中国移动,135,1355428
武汉,中国移动,135,1355433
武汉,中国移动,135,1354518
武汉,中国移动,135,1354524
武汉,中国移动,135,1351712
武汉,中国移动,135,1355441
武汉,中国移动,135,1355446
武汉,中国移动,135,1354522
武汉,中国移动,135,1355404
武汉,中国移动,135,1354525
武汉,中国移动,135,1354504
武汉,中国移动,135,1350710
武汉,中国移动,135,1355438
武汉,中国移动,135,1354527
武汉,中国移动,135,1354517
武汉,中国移动,135,1354528
武汉,中国移动,135,1351725
武汉,中国移动,135,1355400
武汉,中国移动,135,1355422
武汉,中国移动,135,1350712
武汉,中国移动,135,1355407
武汉,中国移动,135,1355405
武汉,中国移动,135,1355420
武汉,中国移动,135,1354503
武汉,中国移动,135,1351727
武汉,中国移动,135,1354587
武汉,中国移动,135,1355403
武汉,中国移动,135,1355447
武汉,中国移动,135,1355412
武汉,中国移动,135,1355442
武汉,中国移动,135,1355451
武汉,中国移动,135,1355429
武汉,中国移动,135,1355468
武汉,中国移动,135,1355430
武汉,中国移动,135,1354520
武汉,中国移动,135,1355406
武汉,中国移动,135,1354511
武汉,中国移动,135,1355450
武汉,中国移动,135,1355423
武汉,中国移动,135,1354538
武汉,中国移动,135,1355452
武汉,中国移动,135,1355462
武汉,中国移动,135,1354539
武汉,中国移动,135,1351719
武汉,中国移动,135,1355449
武汉,中国移动,135,1354513
武汉,中国移动,135,1355448
武汉,中国移动,135,1350714
武汉,中国移动,135,1354529
武汉,中国移动,135,1354505
武汉,中国移动,135,1354526
武汉,中国移动,135,1355427
武汉,中国移动,135,1355463
武汉,中国移动,135,1355454
武汉,中国移动,135,1350711
武汉,中国移动,135,1351728
武汉,中国移动,135,1355418
武汉,中国移动,135,1355445
武汉,中国移动,135,1355466
武汉,中国移动,135,1354508
武汉,中国移动,135,1355439
武汉,中国移动,135,1354514
武汉,中国移动,135,1354534
武汉,中国移动,135,1355437
武汉,中国移动,135,1351723
武汉,中国移动,135,1355419
武汉,中国移动,135,1350716
武汉,中国移动,135,1355424
武汉,中国移动,135,1355444
武汉,中国移动,135,1355413
武汉,中国移动,135,1354509
武汉,中国移动,135,1350713
武汉,中国移动,135,1355465
武汉,中国移动,135,1355425
武汉,中国移动,135,1354586
武汉,中国移动,135,1355416
武汉,中国移动,135,1355434
武汉,中国移动,135,1350718
武汉,中国移动,135,1354510
武汉,中国移动,135,1354535
武汉,中国移动,135,1354502
武汉,中国移动,135,1355436
武汉,中国移动,135,1354589
武汉,中国移动,135,1354515
武汉,中国移动,135,1355401
武汉,中国移动,135,1355410
武汉,中国移动,135,1351721
武汉,中国移动,135,1355408
武汉,中国移动,135,1354591
武汉,中国移动,135,1355464
武汉,中国移动,135,1354536
武汉,中国移动,135,1354590
武汉,中国移动,135,1354516
武汉,中国移动,135,1355453
武汉,中国移动,135,1354523
武汉,中国移动,135,1355426
武汉,中国移动,135,1354501
武汉,中国移动,135,1355415
武汉,中国移动,135,1355467
武汉,中国移动,135,1354519
武汉,中国移动,135,1354512
武汉,中国移动,135,1351720
武汉,中国移动,135,1355414
武汉,中国移动,135,1355443
武汉,中国移动,135,1355432
武汉,中国移动,135,1354537
武汉,中国移动,135,1351726
武汉,中国移动,135,1355431
武汉,中国移动,135,1350717
武汉,中国移动,136,1365723
武汉,中国移动,136,1365729
武汉,中国移动,136,1363865
武汉,中国移动,136,1362869
武汉,中国移动,136,1369732
武汉,中国移动,136,1361865
武汉,中国移动,136,1366727
武汉,中国移动,136,1362866
武汉,中国移动,136,1361863
武汉,中国移动,136,1365720
武汉,中国移动,136,1360714
武汉,中国移动,136,1363861
武汉,中国移动,136,1361866
武汉,中国移动,136,1362710
武汉,中国移动,136,1365980
武汉,中国移动,136,1362721
武汉,中国移动,136,1361864
武汉,中国移动,136,1365988
武汉,中国移动,136,1362712
武汉,中国移动,136,1365728
武汉,中国移动,136,1361861
武汉,中国移动,136,1360712
武汉,中国移动,136,1362723
武汉,中国移动,136,1366721
武汉,中国移动,136,1366712
武汉,中国移动,136,1362728
武汉,中国移动,136,1362864
武汉,中国移动,136,1360717
武汉,中国移动,136,1365986
武汉,中国移动,136,1366728
武汉,中国移动,136,1363868
武汉,中国移动,136,1364723
武汉,中国移动,136,1366716
武汉,中国移动,136,1366726
武汉,中国移动,136,1361862
武汉,中国移动,136,1366720
武汉,中国移动,136,1360711
武汉,中国移动,136,1362861
武汉,中国移动,136,1362868
武汉,中国移动,136,1365725
武汉,中国移动,136,1362867
武汉,中国移动,136,1366713
武汉,中国移动,136,1365981
武汉,中国移动,136,1366714
武汉,中国移动,136,1365722
武汉,中国移动,136,1365727
武汉,中国移动,136,1364721
武汉,中国移动,136,1365721
武汉,中国移动,136,1360710
武汉,中国移动,136,1362714
武汉,中国移动,136,1363867
武汉,中国移动,136,1369733
武汉,中国移动,136,1362711
武汉,中国移动,136,1366724
武汉,中国移动,136,1365726
武汉,中国移动,136,1365984
武汉,中国移动,136,1362724
武汉,中国移动,136,1366711
武汉,中国移动,136,1366725
武汉,中国移动,136,1360718
武汉,中国移动,136,1366722
武汉,中国移动,136,1366718
武汉,中国移动,136,1366715
武汉,中国移动,136,1360713
武汉,中国移动,136,1364720
武汉,中国移动,136,1366723
武汉,中国移动,136,1365983
武汉,中国移动,136,1365989
武汉,中国移动,136,1360719
武汉,中国移动,136,1363863
武汉,中国移动,136,1363862
武汉,中国移动,136,1366719
武汉,中国移动,136,1363866
武汉,中国移动,136,1362720
武汉,中国移动,136,1362865
武汉,中国移动,136,1365987
武汉,中国移动,136,1361860
武汉,中国移动,136,1363864
武汉,中国移动,136,1363869
武汉,中国移动,136,1362863
武汉,中国移动,136,1362727
武汉,中国移动,136,1369734
武汉,中国移动,136,1362860
武汉,中国移动,136,1365985
武汉,中国移动,136,1363860
武汉,中国移动,136,1366729
武汉,中国移动,136,1360716
武汉,中国移动,136,1369735
武汉,中国移动,136,1364722
武汉,中国移动,136,1362862
武汉,中国移动,136,1362713
武汉,中国移动,136,1366710
武汉,中国移动,136,1360715
武汉,中国移动,136,1362725
武汉,中国移动,136,1365982
武汉,中国移动,136,1365724
武汉,中国移动,136,1366717
武汉,中国移动,136,1362729
武汉,中国移动,136,1362722
武汉,中国移动,136,1362726
武汉,中国移动,137,1379706
武汉,中国移动,137,1372023
武汉,中国移动,137,1370713
武汉,中国移动,137,1372012
武汉,中国移动,137,1372039
武汉,中国移动,137,1372030
武汉,中国移动,137,1379700
武汉,中国移动,137,1379704
武汉,中国移动,137,1372020
武汉,中国移动,137,1372027
武汉,中国移动,137,1370714
武汉,中国移动,137,1372024
武汉,中国移动,137,1372026
武汉,中国移动,137,1372029
武汉,中国移动,137,1370712
武汉,中国移动,137,1370710
武汉,中国移动,137,1379702
武汉,中国移动,137,1372010
武汉,中国移动,137,1372018
武汉,中国移动,137,1372034
武汉,中国移动,137,1372031
武汉,中国移动,137,1372035
武汉,中国移动,137,1372017
武汉,中国移动,137,1372022
武汉,中国移动,137,1370711
武汉,中国移动,137,1374071
武汉,中国移动,137,1372016
武汉,中国移动,137,1370718
武汉,中国移动,137,1372015
武汉,中国移动,137,1372037
武汉,中国移动,137,1370716
武汉,中国移动,137,1372019
武汉,中国移动,137,1372025
武汉,中国移动,137,1372032
武汉,中国移动,137,1372021
武汉,中国移动,137,1372038
武汉,中国移动,137,1379708
武汉,中国移动,137,1379707
武汉,中国移动,137,1370719
武汉,中国移动,137,1372036
武汉,中国移动,137,1372028
武汉,中国移动,137,1370715
武汉,中国移动,137,1379705
武汉,中国移动,137,1374072
武汉,中国移动,137,1379709
武汉,中国移动,137,1372014
武汉,中国移动,137,1370717
武汉,中国移动,137,1372011
武汉,中国移动,137,1372033
武汉,中国移动,137,1372013
武汉,中国移动,137,1379703
武汉,中国移动,137,1379701
武汉,中国移动,138,1387147
武汉,中国移动,138,1387107
武汉,中国移动,138,1388604
武汉,中国移动,138,1387118
武汉,中国移动,138,1388602
武汉,中国移动,138,1387134
武汉,中国移动,138,1387150
武汉,中国移动,138,1380861
武汉,中国移动,138,1387146
武汉,中国移动,138,1388605
武汉,中国移动,138,1387148
武汉,中国移动,138,1387154
武汉,中国移动,138,1387140
武汉,中国移动,138,1380712
武汉,中国移动,138,1388606
武汉,中国移动,138,1388618
武汉,中国移动,138,1380711
武汉,中国移动,138,1387119
武汉,中国移动,138,1387132
武汉,中国移动,138,1388617
武汉,中国移动,138,1387121
武汉,中国移动,138,1380863
武汉,中国移动,138,1380862
武汉,中国移动,138,1380865
武汉,中国移动,138,1387155
武汉,中国移动,138,1388608
武汉,中国移动,138,1387106
武汉,中国移动,138,1387111
武汉,中国移动,138,1387145
武汉,中国移动,138,1387142
武汉,中国移动,138,1388614
武汉,中国移动,138,1380860
武汉,中国移动,138,1387114
武汉,中国移动,138,1387152
武汉,中国移动,138,1380866
武汉,中国移动,138,1388615
武汉,中国移动,138,1387102
武汉,中国移动,138,1388616
武汉,中国移动,138,1387105
武汉,中国移动,138,1387143
武汉,中国移动,138,1388600
武汉,中国移动,138,1387100
武汉,中国移动,138,1388601
武汉,中国移动,138,1387104
武汉,中国移动,138,1387136
武汉,中国移动,138,1387151
武汉,中国移动,138,1387120
武汉,中国移动,138,1387138
武汉,中国移动,138,1387125
武汉,中国移动,138,1387137
武汉,中国移动,138,1387129
武汉,中国移动,138,1387156
武汉,中国移动,138,1388603
武汉,中国移动,138,1387158
武汉,中国移动,138,1387159
武汉,中国移动,138,1388613
武汉,中国移动,138,1387101
武汉,中国移动,138,1380713
武汉,中国移动,138,1387144
武汉,中国移动,138,1380718
武汉,中国移动,138,1380026
武汉,中国移动,138,1380869
武汉,中国移动,138,1387141
武汉,中国移动,138,1387116
武汉,中国移动,138,1380027
武汉,中国移动,138,1387124
武汉,中国移动,138,1387109
武汉,中国移动,138,1387108
武汉,中国移动,138,1387115
武汉,中国移动,138,1387128
武汉,中国移动,138,1380867
武汉,中国移动,138,1387110
武汉,中国移动,138,1380864
武汉,中国移动,138,1388610
武汉,中国移动,138,1387126
武汉,中国移动,138,1380868
武汉,中国移动,138,1380719
武汉,中国移动,138,1387122
武汉,中国移动,138,1380710
武汉,中国移动,138,1387135
武汉,中国移动,138,1380714
武汉,中国移动,138,1387131
武汉,中国移动,138,1387117
武汉,中国移动,138,1387157
武汉,中国移动,138,1388612
武汉,中国移动,138,1387149
武汉,中国移动,138,1387113
武汉,中国移动,138,1387127
武汉,中国移动,138,1388609
武汉,中国移动,138,1380716
武汉,中国移动,138,1387153
武汉,中国移动,138,1387139
武汉,中国移动,138,1388611
武汉,中国移动,138,1387103
武汉,中国移动,138,1380715
武汉,中国移动,138,1380717
武汉,中国移动,138,1380074
武汉,中国移动,138,1387123
武汉,中国移动,138,1388607
武汉,中国移动,138,1387112
武汉,中国移动,138,1387133
武汉,中国移动,138,1387130
武汉,中国移动,138,1388619
武汉,中国移动,139,1399556
武汉,中国移动,139,1390862
武汉,中国移动,139,1397116
武汉,中国移动,139,1398608
武汉,中国移动,139,1397117
武汉,中国移动,139,1397133
武汉,中国移动,139,1390714
武汉,中国移动,139,1397137
武汉,中国移动,139,1397136
武汉,中国移动,139,1397145
武汉,中国移动,139,1397161
武汉,中国移动,139,1399558
武汉,中国移动,139,1399569
武汉,中国移动,139,1397147
武汉,中国移动,139,1390711
武汉,中国移动,139,1398614
武汉,中国移动,139,1397141
武汉,中国移动,139,1399553
武汉,中国移动,139,1397101
武汉,中国移动,139,1398609
武汉,中国移动,139,1397157
武汉,中国移动,139,1397154
武汉,中国移动,139,1397113
武汉,中国移动,139,1398601
武汉,中国移动,139,1397102
武汉,中国移动,139,1397123
武汉,中国移动,139,1397103
武汉,中国移动,139,1397158
武汉,中国移动,139,1390716
武汉,中国移动,139,1390864
武汉,中国移动,139,1399563
武汉,中国移动,139,1399562
武汉,中国移动,139,1397149
武汉,中国移动,139,1397134
武汉,中国移动,139,1390715
武汉,中国移动,139,1398611
武汉,中国移动,139,1397151
武汉,中国移动,139,1399566
武汉,中国移动,139,1399568
武汉,中国移动,139,1398607
武汉,中国移动,139,1397106
武汉,中国移动,139,1398622
武汉,中国移动,139,1398621
武汉,中国移动,139,1397114
武汉,中国移动,139,1397122
武汉,中国移动,139,1397129
武汉,中国移动,139,1390717
武汉,中国移动,139,1398626
武汉,中国移动,139,1399555
武汉,中国移动,139,1398612
武汉,中国移动,139,1397140
武汉,中国移动,139,1397109
武汉,中国移动,139,1397126
武汉,中国移动,139,1398606
武汉,中国移动,139,1397165
武汉,中国移动,139,1397119
武汉,中国移动,139,1397168
武汉,中国移动,139,1398600
武汉,中国移动,139,1397139
武汉,中国移动,139,1397148
武汉,中国移动,139,1397124
武汉,中国移动,139,1397120
武汉,中国移动,139,1397156
武汉,中国移动,139,1397167
武汉,中国移动,139,1398602
武汉,中国移动,139,1399557
武汉,中国移动,139,1398624
武汉,中国移动,139,1397163
武汉,中国移动,139,1398617
武汉,中国移动,139,1397166
武汉,中国移动,139,1399550
武汉,中国移动,139,1397110
武汉,中国移动,139,1397125
武汉,中国移动,139,1390863
武汉,中国移动,139,1398613
武汉,中国移动,139,1397153
武汉,中国移动,139,1397118
武汉,中国移动,139,1397138
武汉,中国移动,139,1390718
武汉,中国移动,139,1398627
武汉,中国移动,139,1397162
武汉,中国移动,139,1397111
武汉,中国移动,139,1397164
武汉,中国移动,139,1397152
武汉,中国移动,139,1397132
武汉,中国移动,139,1399567
武汉,中国移动,139,1397142
武汉,中国移动,139,1397100
武汉,中国移动,139,1397107
武汉,中国移动,139,1397121
武汉,中国移动,139,1398618
武汉,中国移动,139,1397112
武汉,中国移动,139,1399551
武汉,中国移动,139,1399560
武汉,中国移动,139,1390865
武汉,中国移动,139,1397127
武汉,中国移动,139,1397115
武汉,中国移动,139,1397108
武汉,中国移动,139,1398623
武汉,中国移动,139,1390719
武汉,中国移动,139,1398616
武汉,中国移动,139,1397143
武汉,中国移动,139,1398615
武汉,中国移动,139,1390713
武汉,中国移动,139,1390071
武汉,中国移动,139,1397155
武汉,中国移动,139,1398603
武汉,中国移动,139,1398604
武汉,中国移动,139,1397128
武汉,中国移动,139,1399564
武汉,中国移动,139,1399554
武汉,中国移动,139,1397104
武汉,中国移动,139,1397144
武汉,中国移动,139,1399565
武汉,中国移动,139,1398628
武汉,中国移动,139,1398625
武汉,中国移动,139,1399559
武汉,中国移动,139,1397130
武汉,中国移动,139,1390712
武汉,中国移动,139,1397159
武汉,中国移动,139,1397105
武汉,中国移动,139,1399561
武汉,中国移动,139,1397135
武汉,中国移动,139,1397131
武汉,中国移动,139,1398620
武汉,中国移动,139,1398629
武汉,中国移动,139,1397146
武汉,中国移动,139,1398610
武汉,中国移动,139,1397150
武汉,中国移动,139,1399552
武汉,中国移动,139,1398619
武汉,中国移动,139,1397169
武汉,中国移动,139,1398605
武汉,中国移动,139,1390710
武汉,中国移动,139,1397160
武汉,中国移动,147,1477160
武汉,中国移动,147,1477162
武汉,中国移动,147,1470714
武汉,中国移动,147,1470273
武汉,中国移动,147,1476558
武汉,中国移动,147,1476698
武汉,中国移动,147,1470279
武汉,中国移动,147,1476561
武汉,中国移动,147,1476697
武汉,中国移动,147,1470275
武汉,中国移动,147,1476695
武汉,中国移动,147,1476560
武汉,中国移动,147,1470710
武汉,中国移动,147,1470711
武汉,中国移动,147,1470276
武汉,中国移动,147,1476563
武汉,中国移动,147,1476699
武汉,中国移动,147,1477161
武汉,中国移动,147,1470277
武汉,中国移动,147,1477163
武汉,中国移动,147,1470271
武汉,中国移动,147,1476564
武汉,中国移动,147,1476559
武汉,中国移动,147,1477167
武汉,中国移动,147,1470713
武汉,中国移动,147,1477164
武汉,中国移动,147,1470272
武汉,中国移动,147,1476688
武汉,中国移动,147,1477165
武汉,中国移动,147,1470274
武汉,中国移动,147,1476696
武汉,中国移动,147,1476689
武汉,中国移动,147,1470270
武汉,中国移动,147,1470278
武汉,中国移动,147,1477169
武汉,中国移动,147,1470712
武汉,中国移动,147,1477166
武汉,中国移动,147,1477168
武汉,中国移动,150,1507145
武汉,中国移动,150,1507240
武汉,中国移动,150,1507115
武汉,中国移动,150,1507125
武汉,中国移动,150,1500279
武汉,中国移动,150,1507112
武汉,中国移动,150,1507120
武汉,中国移动,150,1507136
武汉,中国移动,150,1507246
武汉,中国移动,150,1507238
武汉,中国移动,150,1507236
武汉,中国移动,150,1507111
武汉,中国移动,150,1507146
武汉,中国移动,150,1500710
武汉,中国移动,150,1507231
武汉,中国移动,150,1507107
武汉,中国移动,150,1500277
武汉,中国移动,150,1500278
武汉,中国移动,150,1500711
武汉,中国移动,150,1500275
武汉,中国移动,150,1507241
武汉,中国移动,150,1507243
武汉,中国移动,150,1507237
武汉,中国移动,150,1507124
武汉,中国移动,150,1507234
武汉,中国移动,150,1500713
武汉,中国移动,150,1507244
武汉,中国移动,150,1507129
武汉,中国移动,150,1507239
武汉,中国移动,150,1507138
武汉,中国移动,150,1507233
武汉,中国移动,150,1500272
武汉,中国移动,150,1507232
武汉,中国移动,150,1507121
武汉,中国移动,150,1507242
武汉,中国移动,150,1507248
武汉,中国移动,150,1507130
武汉,中国移动,150,1507114
武汉,中国移动,150,1500274
武汉,中国移动,150,1507137
武汉,中国移动,150,1507144
武汉,中国移动,150,1500276
武汉,中国移动,150,1500716
武汉,中国移动,150,1507126
武汉,中国移动,150,1500714
武汉,中国移动,150,1507140
武汉,中国移动,150,1507245
武汉,中国移动,150,1507139
武汉,中国移动,150,1507104
武汉,中国移动,150,1500717
武汉,中国移动,150,1507249
武汉,中国移动,150,1507106
武汉,中国移动,150,1507135
武汉,中国移动,150,1507105
武汉,中国移动,150,1507116
武汉,中国移动,150,1500712
武汉,中国移动,150,1507141
武汉,中国移动,150,1507134
武汉,中国移动,150,1507131
武汉,中国移动,150,1507132
武汉,中国移动,150,1507110
武汉,中国移动,150,1500715
武汉,中国移动,150,1507143
武汉,中国移动,150,1500273
武汉,中国移动,150,1507101
武汉,中国移动,150,1507102
武汉,中国移动,150,1507127
武汉,中国移动,150,1507109
武汉,中国移动,150,1507117
武汉,中国移动,150,1500718
武汉,中国移动,150,1507122
武汉,中国移动,150,1507113
武汉,中国移动,150,1507118
武汉,中国移动,150,1507119
武汉,中国移动,150,1500719
武汉,中国移动,150,1507128
武汉,中国移动,150,1500271
武汉,中国移动,150,1507230
武汉,中国移动,150,1507142
武汉,中国移动,150,1507108
武汉,中国移动,150,1507149
武汉,中国移动,150,1507123
武汉,中国移动,150,1507235
武汉,中国移动,150,1507247
武汉,中国移动,150,1507148
武汉,中国移动,150,1500270
武汉,中国移动,150,1507147
武汉,中国移动,150,1507133
武汉,中国移动,150,1507103
武汉,中国移动,150,1507100
武汉,中国移动,151,1517251
武汉,中国移动,151,1510714
武汉,中国移动,151,1517150
武汉,中国移动,151,1510712
武汉,中国移动,151,1517232
武汉,中国移动,151,1517247
武汉,中国移动,151,1517253
武汉,中国移动,151,1517149
武汉,中国移动,151,1517242
武汉,中国移动,151,1517249
武汉,中国移动,151,1517238
武汉,中国移动,151,1510710
武汉,中国移动,151,1510274
武汉,中国移动,151,1510273
武汉,中国移动,151,1517147
武汉,中国移动,151,1510713
武汉,中国移动,151,1510271
武汉,中国移动,151,1517252
武汉,中国移动,151,1517241
武汉,中国移动,151,1517143
武汉,中国移动,151,1517231
武汉,中国移动,151,1517243
武汉,中国移动,151,1510711
武汉,中国移动,151,1517233
武汉,中国移动,151,1510718
武汉,中国移动,151,1510278
武汉,中国移动,151,1510277
武汉,中国移动,151,1517235
武汉,中国移动,151,1517237
武汉,中国移动,151,1517141
武汉,中国移动,151,1517240
武汉,中国移动,151,1510717
武汉,中国移动,151,1517239
武汉,中国移动,151,1510276
武汉,中国移动,151,1517245
武汉,中国移动,151,1517234
武汉,中国移动,151,1517148
武汉,中国移动,151,1517144
武汉,中国移动,151,1510272
武汉,中国移动,151,1517142
武汉,中国移动,151,1517236
武汉,中国移动,151,1510270
武汉,中国移动,151,1517250
武汉,中国移动,151,1510719
武汉,中国移动,151,1510715
武汉,中国移动,151,1517145
武汉,中国移动,151,1517248
武汉,中国移动,151,1510716
武汉,中国移动,151,1517146
武汉,中国移动,151,1510275
武汉,中国移动,151,1517244
武汉,中国移动,151,1517246
武汉,中国移动,151,1517254
武汉,中国移动,151,1510279
武汉,中国移动,152,1520277
武汉,中国移动,152,1520712
武汉,中国移动,152,1527194
武汉,中国移动,152,1527187
武汉,中国移动,152,1527193
武汉,中国移动,152,1520272
武汉,中国移动,152,1527185
武汉,中国移动,152,1520278
武汉,中国移动,152,1520270
武汉,中国移动,152,1527181
武汉,中国移动,152,1520275
武汉,中国移动,152,1527188
武汉,中国移动,152,1527184
武汉,中国移动,152,1527189
武汉,中国移动,152,1520276
武汉,中国移动,152,1520718
武汉,中国移动,152,1520715
武汉,中国移动,152,1520717
武汉,中国移动,152,1520716
武汉,中国移动,152,1527192
武汉,中国移动,152,1527180
武汉,中国移动,152,1527186
武汉,中国移动,152,1520711
武汉,中国移动,152,1527191
武汉,中国移动,152,1520719
武汉,中国移动,152,1520271
武汉,中国移动,152,1520710
武汉,中国移动,152,1527190
武汉,中国移动,152,1520273
武汉,中国移动,152,1520274
武汉,中国移动,152,1520279
武汉,中国移动,152,1527182
武汉,中国移动,152,1520714
武汉,中国移动,152,1520713
武汉,中国移动,152,1527183
武汉,中国移动,157,1572705
武汉,中国移动,157,1579991
武汉,中国移动,157,1579705
武汉,中国移动,157,1571713
武汉,中国移动,157,1572706
武汉,中国移动,157,1579701
武汉,中国移动,157,1577104
武汉,中国移动,157,1571711
武汉,中国移动,157,1579704
武汉,中国移动,157,1579988
武汉,中国移动,157,1579990
武汉,中国移动,157,1571712
武汉,中国移动,157,1579992
武汉,中国移动,157,1579993
武汉,中国移动,157,1571717
武汉,中国移动,157,1572702
武汉,中国移动,157,1572704
武汉,中国移动,157,1579706
武汉,中国移动,157,1577102
武汉,中国移动,157,1572700
武汉,中国移动,157,1579987
武汉,中国移动,157,1579985
武汉,中国移动,157,1572701
武汉,中国移动,157,1579700
武汉,中国移动,157,1572707
武汉,中国移动,157,1579708
武汉,中国移动,157,1579994
武汉,中国移动,157,1571710
武汉,中国移动,157,1579986
武汉,中国移动,157,1579707
武汉,中国移动,157,1579703
武汉,中国移动,157,1571715
武汉,中国移动,157,1579989
武汉,中国移动,157,1571714
武汉,中国移动,157,1572703
武汉,中国移动,157,1571719
武汉,中国移动,157,1571716
武汉,中国移动,157,1571718
武汉,中国移动,157,1579745
武汉,中国移动,157,1579746
武汉,中国移动,157,1577103
武汉,中国移动,157,1579702
武汉,中国移动,157,1579744
武汉,中国移动,158,1587135
武汉,中国移动,158,1582703
武汉,中国移动,158,1582702
武汉,中国移动,158,1580274
武汉,中国移动,158,1582710
武汉,中国移动,158,1582711
武汉,中国移动,158,1587173
武汉,中国移动,158,1582765
武汉,中国移动,158,1582726
武汉,中国移动,158,1582750
武汉,中国移动,158,1582713
武汉,中国移动,158,1582733
武汉,中国移动,158,1580277
武汉,中国移动,158,1580270
武汉,中国移动,158,1587178
武汉,中国移动,158,1580713
武汉,中国移动,158,1582720
武汉,中国移动,158,1582762
武汉,中国移动,158,1587241
武汉,中国移动,158,1587149
武汉,中国移动,158,1582736
武汉,中国移动,158,1580711
武汉,中国移动,158,1587146
武汉,中国移动,158,1582731
武汉,中国移动,158,1580271
武汉,中国移动,158,1587170
武汉,中国移动,158,1587141
武汉,中国移动,158,1580716
武汉,中国移动,158,1582763
武汉,中国移动,158,1580272
武汉,中国移动,158,1582759
武汉,中国移动,158,1587179
武汉,中国移动,158,1587144
武汉,中国移动,158,1587140
武汉,中国移动,158,1587176
武汉,中国移动,158,1587242
武汉,中国移动,158,1582716
武汉,中国移动,158,1587239
武汉,中国移动,158,1582737
武汉,中国移动,158,1582753
武汉,中国移动,158,1580710
武汉,中国移动,158,1582769
武汉,中国移动,158,1582732
武汉,中国移动,158,1587235
武汉,中国移动,158,1587138
武汉,中国移动,158,1582704
武汉,中国移动,158,1582748
武汉,中国移动,158,1587168
武汉,中国移动,158,1582752
武汉,中国移动,158,1582754
武汉,中国移动,158,1582715
武汉,中国移动,158,1587180
武汉,中国移动,158,1580275
武汉,中国移动,158,1580712
武汉,中国移动,158,1582708
武汉,中国移动,158,1582755
武汉,中国移动,158,1582717
武汉,中国移动,158,1582751
武汉,中国移动,158,1587237
武汉,中国移动,158,1587172
武汉,中国移动,158,1587181
武汉,中国移动,158,1580273
武汉,中国移动,158,1587169
武汉,中国移动,158,1587240
武汉,中国移动,158,1582727
武汉,中国移动,158,1582760
武汉,中国移动,158,1587139
武汉,中国移动,158,1582723
武汉,中国移动,158,1587145
武汉,中国移动,158,1582714
武汉,中国移动,158,1582728
武汉,中国移动,158,1582721
武汉,中国移动,158,1580719
武汉,中国移动,158,1587174
武汉,中国移动,158,1580718
武汉,中国移动,158,1587142
武汉,中国移动,158,1582734
武汉,中国移动,158,1582742
武汉,中国移动,158,1582767
武汉,中国移动,158,1587177
武汉,中国移动,158,1582724
武汉,中国移动,158,1580276
武汉,中国移动,158,1582749
武汉,中国移动,158,1582729
武汉,中国移动,158,1582722
武汉,中国移动,158,1587175
武汉,中国移动,158,1582707
武汉,中国移动,158,1582739
武汉,中国移动,158,1587182
武汉,中国移动,158,1582758
武汉,中国移动,158,1580715
武汉,中国移动,158,1582757
武汉,中国移动,158,1582745
武汉,中国移动,158,1582746
武汉,中国移动,158,1587136
武汉,中国移动,158,1582719
武汉,中国移动,158,1582761
武汉,中国移动,158,1582712
武汉,中国移动,158,1582766
武汉,中国移动,158,1582744
武汉,中国移动,158,1587147
武汉,中国移动,158,1580279
武汉,中国移动,158,1582747
武汉,中国移动,158,1582743
武汉,中国移动,158,1582741
武汉,中国移动,158,1582735
武汉,中国移动,158,1580717
武汉,中国移动,158,1587238
武汉,中国移动,158,1582700
武汉,中国移动,158,1582725
武汉,中国移动,158,1582718
武汉,中国移动,158,1582730
武汉,中国移动,158,1582709
武汉,中国移动,158,1582756
武汉,中国移动,158,1582768
武汉,中国移动,158,1582701
武汉,中国移动,158,1587171
武汉,中国移动,158,1587137
武汉,中国移动,158,1580714
武汉,中国移动,158,1587148
武汉,中国移动,158,1587243
武汉,中国移动,158,1582740
武汉,中国移动,158,1587236
武汉,中国移动,158,1582738
武汉,中国移动,158,1582764
武汉,中国移动,158,1582706
武汉,中国移动,158,1582705
武汉,中国移动,158,1580278
武汉,中国移动,158,1587143
武汉,中国移动,159,1592701
武汉,中国移动,159,1592712
武汉,中国移动,159,1592724
武汉,中国移动,159,1592756
武汉,中国移动,159,1592738
武汉,中国移动,159,1592628
武汉,中国移动,159,1599428
武汉,中国移动,159,1597212
武汉,中国移动,159,1597204
武汉,中国移动,159,1590274
武汉,中国移动,159,1592706
武汉,中国移动,159,1597292
武汉,中国移动,159,1592766
武汉,中国移动,159,1592627
武汉,中国移动,159,1597222
武汉,中国移动,159,1592621
武汉,中国移动,159,1592736
武汉,中国移动,159,1597219
武汉,中国移动,159,1592721
武汉,中国移动,159,1599422
武汉,中国移动,159,1592747
武汉,中国移动,159,1592714
武汉,中国移动,159,1592743
武汉,中国移动,159,1599424
武汉,中国移动,159,1592641
武汉,中国移动,159,1592629
武汉,中国移动,159,1592746
武汉,中国移动,159,1597209
武汉,中国移动,159,1592734
武汉,中国移动,159,1592702
武汉,中国移动,159,1597220
武汉,中国移动,159,1590273
武汉,中国移动,159,1592631
武汉,中国移动,159,1590718
武汉,中国移动,159,1592643
武汉,中国移动,159,1599743
武汉,中国移动,159,1597216
武汉,中国移动,159,1592713
武汉,中国移动,159,1599744
武汉,中国移动,159,1590710
武汉,中国移动,159,1597201
武汉,中国移动,159,1592633
武汉,中国移动,159,1592700
武汉,中国移动,159,1590717
武汉,中国移动,159,1592716
武汉,中国移动,159,1597145
武汉,中国移动,159,1592729
武汉,中国移动,159,1592625
武汉,中国移动,159,1592709
武汉,中国移动,159,1590719
武汉,中国移动,159,1592742
武汉,中国移动,159,1599745
武汉,中国移动,159,1592728
武汉,中国移动,159,1592648
武汉,中国移动,159,1592715
武汉,中国移动,159,1597291
武汉,中国移动,159,1592632
武汉,中国移动,159,1590276
武汉,中国移动,159,1592718
武汉,中国移动,159,1592730
武汉,中国移动,159,1592733
武汉,中国移动,159,1599421
武汉,中国移动,159,1592762
武汉,中国移动,159,1590713
武汉,中国移动,159,1592725
武汉,中国移动,159,1597299
武汉,中国移动,159,1590711
武汉,中国移动,159,1599740
武汉,中国移动,159,1590277
武汉,中国移动,159,1592710
武汉,中国移动,159,1592737
武汉,中国移动,159,1592707
武汉,中国移动,159,1592752
武汉,中国移动,159,1597208
武汉,中国移动,159,1597207
武汉,中国移动,159,1597217
武汉,中国移动,159,1592638
武汉,中国移动,159,1597213
武汉,中国移动,159,1592732
武汉,中国移动,159,1597218
武汉,中国移动,159,1592731
武汉,中国移动,159,1592768
武汉,中国移动,159,1599427
武汉,中国移动,159,1590275
武汉,中国移动,159,1597206
武汉,中国移动,159,1592755
武汉,中国移动,159,1590279
武汉,中国移动,159,1592744
武汉,中国移动,159,1590278
武汉,中国移动,159,1592727
武汉,中国移动,159,1592751
武汉,中国移动,159,1592636
武汉,中国移动,159,1592765
武汉,中国移动,159,1597202
武汉,中国移动,159,1597290
武汉,中国移动,159,1599429
武汉,中国移动,159,1592759
武汉,中国移动,159,1592640
武汉,中国移动,159,1599423
武汉,中国移动,159,1592645
武汉,中国移动,159,1597141
武汉,中国移动,159,1597211
武汉,中国移动,159,1597200
武汉,中国移动,159,1597296
武汉,中国移动,159,1599420
武汉,中国移动,159,1592769
武汉,中国移动,159,1599746
武汉,中国移动,159,1599749
武汉,中国移动,159,1592624
武汉,中国移动,159,1597147
武汉,中国移动,159,1597221
武汉,中国移动,159,1592767
武汉,中国移动,159,1592634
武汉,中国移动,159,1592708
武汉,中国移动,159,1597143
武汉,中国移动,159,1592763
武汉,中国移动,159,1597214
武汉,中国移动,159,1592635
武汉,中国移动,159,1592741
武汉,中国移动,159,1592637
武汉,中国移动,159,1599742
武汉,中国移动,159,1592754
武汉,中国移动,159,1590271
武汉,中国移动,159,1590272
武汉,中国移动,159,1592748
武汉,中国移动,159,1599747
武汉,中国移动,159,1592757
武汉,中国移动,159,1590270
武汉,中国移动,159,1592753
武汉,中国移动,159,1592749
武汉,中国移动,159,1592642
武汉,中国移动,159,1599748
武汉,中国移动,159,1592644
武汉,中国移动,159,1590715
武汉,中国移动,159,1597142
武汉,中国移动,159,1592764
武汉,中国移动,159,1599425
武汉,中国移动,159,1592711
武汉,中国移动,159,1597293
武汉,中国移动,159,1599741
武汉,中国移动,159,1592719
武汉,中国移动,159,1592758
武汉,中国移动,159,1597297
武汉,中国移动,159,1590712
武汉,中国移动,159,1592740
武汉,中国移动,159,1592739
武汉,中国移动,159,1592735
武汉,中国移动,159,1592722
武汉,中国移动,159,1592720
武汉,中国移动,159,1592622
武汉,中国移动,159,1592620
武汉,中国移动,159,1592760
武汉,中国移动,159,1592639
武汉,中国移动,159,1592705
武汉,中国移动,159,1592750
武汉,中国移动,159,1597149
武汉,中国移动,159,1592704
武汉,中国移动,159,1597144
武汉,中国移动,159,1597150
武汉,中国移动,159,1592703
武汉,中国移动,159,1599426
武汉,中国移动,159,1592649
武汉,中国移动,159,1592626
武汉,中国移动,159,1592647
武汉,中国移动,159,1592646
武汉,中国移动,159,1597215
武汉,中国移动,159,1597298
武汉,中国移动,159,1597203
武汉,中国移动,159,1597294
武汉,中国移动,159,1592623
武汉,中国移动,159,1597148
武汉,中国移动,159,1592630
武汉,中国移动,159,1597210
武汉,中国移动,159,1592726
武汉,中国移动,159,1590716
武汉,中国移动,159,1597146
武汉,中国移动,159,1592717
武汉,中国移动,159,1592723
武汉,中国移动,159,1597205
武汉,中国移动,159,1597295
武汉,中国移动,159,1592745
武汉,中国移动,159,1590714
武汉,中国移动,159,1592761
武汉,中国移动,165,1651140
武汉,中国移动,165,1652277
武汉,中国移动,165,1655265
武汉,中国移动,165,1650560
武汉,中国移动,165,1657718
武汉,中国移动,165,1655604
武汉,中国移动,165,1651027
武汉,中国移动,165,1651165
武汉,中国移动,165,1650006
武汉,中国移动,165,1655269
武汉,中国移动,165,1655268
武汉,中国移动,165,1650708
武汉,中国移动,165,1653902
武汉,中国移动,165,1655267
武汉,中国移动,165,1656274
武汉,中国移动,165,1656273
武汉,中国移动,165,1657699
武汉,中国移动,165,1655027
武汉,中国移动,165,1657738
武汉,中国移动,165,1655607
武汉,中国移动,165,1657712
武汉,中国移动,165,1651352
武汉,中国移动,165,1657717
武汉,中国移动,165,1653510
武汉,中国移动,165,1650005
武汉,中国移动,165,1652127
武汉,中国移动,165,1651725
武汉,中国移动,165,1651153
武汉,中国移动,165,1650709
武汉,中国移动,165,1653270
武汉,中国移动,165,1651727
武汉,中国移动,165,1650007
武汉,中国移动,165,1652070
武汉,中国移动,172,1728255
武汉,中国移动,172,1729792
武汉,中国移动,172,1724507
武汉,中国移动,172,1728222
武汉,中国移动,172,1728231
武汉,中国移动,172,1729790
武汉,中国移动,172,1729621
武汉,中国移动,172,1729789
武汉,中国移动,172,1720116
武汉,中国移动,172,1728254
武汉,中国移动,172,1721332
武汉,中国移动,172,1729793
武汉,中国移动,172,1721334
武汉,中国移动,172,1724502
武汉,中国移动,172,1728253
武汉,中国移动,172,1724503
武汉,中国移动,172,1728225
武汉,中国移动,172,1728223
武汉,中国移动,172,1724501
武汉,中国移动,172,1721335
武汉,中国移动,172,1721333
武汉,中国移动,172,1728220
武汉,中国移动,172,1724506
武汉,中国移动,172,1721336
武汉,中国移动,172,1729791
武汉,中国移动,172,1720117
武汉,中国移动,172,1728221
武汉,中国移动,172,1724504
武汉,中国移动,172,1724505
武汉,中国移动,172,1726172
武汉,中国移动,172,1724500
武汉,中国移动,178,1787158
武汉,中国移动,178,1786644
武汉,中国移动,178,1787114
武汉,中国移动,178,1786642
武汉,中国移动,178,1787119
武汉,中国移动,178,1787167
武汉,中国移动,178,1787104
武汉,中国移动,178,1787166
武汉,中国移动,178,1787165
武汉,中国移动,178,1787180
武汉,中国移动,178,1780270
武汉,中国移动,178,1787118
武汉,中国移动,178,1787123
武汉,中国移动,178,1789711
武汉,中国移动,178,1780271
武汉,中国移动,178,1780718
武汉,中国移动,178,1787174
武汉,中国移动,178,1787112
武汉,中国移动,178,1788682
武汉,中国移动,178,1780714
武汉,中国移动,178,1780272
武汉,中国移动,178,1784785
武汉,中国移动,178,1786643
武汉,中国移动,178,1787139
武汉,中国移动,178,1787179
武汉,中国移动,182,1827144
武汉,中国移动,182,1827139
武汉,中国移动,182,1827147
武汉,中国移动,182,1820273
武汉,中国移动,182,1820276
武汉,中国移动,182,1827183
武汉,中国移动,182,1820279
武汉,中国移动,182,1827190
武汉,中国移动,182,1820275
武汉,中国移动,182,1827201
武汉,中国移动,182,1827249
武汉,中国移动,182,1827197
武汉,中国移动,182,1827248
武汉,中国移动,182,1827195
武汉,中国移动,182,1820274
武汉,中国移动,182,1820719
武汉,中国移动,182,1827186
武汉,中国移动,182,1820715
武汉,中国移动,182,1827146
武汉,中国移动,182,1827192
武汉,中国移动,182,1827145
武汉,中国移动,182,1820718
武汉,中国移动,182,1827180
武汉,中国移动,182,1820277
武汉,中国移动,182,1820271
武汉,中国移动,182,1827202
武汉,中国移动,182,1827141
武汉,中国移动,182,1827184
武汉,中国移动,182,1827193
武汉,中国移动,182,1827198
武汉,中国移动,182,1827194
武汉,中国移动,182,1827143
武汉,中国移动,182,1827150
武汉,中国移动,182,1827182
武汉,中国移动,182,1827142
武汉,中国移动,182,1820278
武汉,中国移动,182,1827189
武汉,中国移动,182,1827200
武汉,中国移动,182,1820710
武汉,中国移动,182,1820711
武汉,中国移动,182,1820712
武汉,中国移动,182,1827199
武汉,中国移动,182,1827187
武汉,中国移动,182,1820714
武汉,中国移动,182,1827140
武汉,中国移动,182,1827181
武汉,中国移动,182,1827149
武汉,中国移动,182,1827188
武汉,中国移动,182,1820270
武汉,中国移动,182,1827148
武汉,中国移动,182,1820716
武汉,中国移动,182,1827196
武汉,中国移动,182,1820713
武汉,中国移动,182,1827185
武汉,中国移动,182,1820717
武汉,中国移动,182,1827191
武汉,中国移动,182,1820272
武汉,中国移动,183,1832728
武汉,中国移动,183,1830271
武汉,中国移动,183,1832730
武汉,中国移动,183,1832729
武汉,中国移动,183,1837210
武汉,中国移动,183,1832700
武汉,中国移动,183,1832726
武汉,中国移动,183,1837118
武汉,中国移动,183,1837213
武汉,中国移动,183,1837218
武汉,中国移动,183,1837201
武汉,中国移动,183,1837199
武汉,中国移动,183,1837202
武汉,中国移动,183,1837209
武汉,中国移动,183,1832713
武汉,中国移动,183,1832735
武汉,中国移动,183,1832711
武汉,中国移动,183,1837146
武汉,中国移动,183,1832705
武汉,中国移动,183,1832704
武汉,中国移动,183,1832719
武汉,中国移动,183,1837128
武汉,中国移动,183,1837214
武汉,中国移动,183,1832720
武汉,中国移动,183,1837198
武汉,中国移动,183,1832706
武汉,中国移动,183,1832703
武汉,中国移动,183,1837206
武汉,中国移动,183,1837147
武汉,中国移动,183,1832723
武汉,中国移动,183,1832707
武汉,中国移动,183,1832716
武汉,中国移动,183,1830276
武汉,中国移动,183,1837212
武汉,中国移动,183,1830279
武汉,中国移动,183,1832710
武汉,中国移动,183,1832727
武汉,中国移动,183,1837207
武汉,中国移动,183,1837208
武汉,中国移动,183,1832739
武汉,中国移动,183,1837216
武汉,中国移动,183,1837203
武汉,中国移动,183,1832701
武汉,中国移动,183,1830277
武汉,中国移动,183,1832721
武汉,中国移动,183,1837200
武汉,中国移动,183,1832737
武汉,中国移动,183,1832722
武汉,中国移动,183,1832733
武汉,中国移动,183,1832725
武汉,中国移动,183,1830270
武汉,中国移动,183,1832708
武汉,中国移动,183,1832712
武汉,中国移动,183,1832709
武汉,中国移动,183,1837204
武汉,中国移动,183,1830275
武汉,中国移动,183,1832736
武汉,中国移动,183,1832732
武汉,中国移动,183,1830273
武汉,中国移动,183,1837117
武汉,中国移动,183,1837219
武汉,中国移动,183,1832715
武汉,中国移动,183,1832734
武汉,中国移动,183,1837119
武汉,中国移动,183,1837129
武汉,中国移动,183,1837145
武汉,中国移动,183,1832718
武汉,中国移动,183,1830272
武汉,中国移动,183,1837211
武汉,中国移动,183,1837215
武汉,中国移动,183,1832724
武汉,中国移动,183,1832714
武汉,中国移动,183,1837205
武汉,中国移动,183,1832731
武汉,中国移动,183,1832702
武汉,中国移动,183,1837149
武汉,中国移动,183,1830278
武汉,中国移动,183,1832717
武汉,中国移动,183,1830274
武汉,中国移动,183,1837217
武汉,中国移动,183,1832738
武汉,中国移动,183,1837148
武汉,中国移动,184,1842748
武汉,中国移动,184,1849577
武汉,中国移动,184,1842771
武汉,中国移动,184,1842723
武汉,中国移动,184,1847195
武汉,中国移动,184,1847205
武汉,中国移动,184,1849578
武汉,中国移动,184,1847193
武汉,中国移动,184,1840272
武汉,中国移动,184,1847167
武汉,中国移动,184,1847199
武汉,中国移动,184,1842721
武汉,中国移动,184,1842750
武汉,中国移动,184,1849399
武汉,中国移动,184,1842786
武汉,中国移动,184,1842729
武汉,中国移动,184,1842728
武汉,中国移动,184,1842797
武汉,中国移动,184,1847168
武汉,中国移动,184,1842751
武汉,中国移动,184,1842759
武汉,中国移动,184,1842758
武汉,中国移动,184,1842730
武汉,中国移动,184,1847207
武汉,中国移动,184,1842756
武汉,中国移动,184,1842744
武汉,中国移动,184,1842731
武汉,中国移动,184,1842706
武汉,中国移动,184,1842757
武汉,中国移动,184,1849582
武汉,中国移动,184,1842792
武汉,中国移动,184,1842724
武汉,中国移动,184,1849561
武汉,中国移动,184,1847191
武汉,中国移动,184,1842772
武汉,中国移动,184,1842709
武汉,中国移动,184,1842727
武汉,中国移动,184,1842778
武汉,中国移动,184,1847201
武汉,中国移动,184,1849554
武汉,中国移动,184,1849569
武汉,中国移动,184,1842708
武汉,中国移动,184,1842720
武汉,中国移动,184,1849562
武汉,中国移动,184,1849557
武汉,中国移动,184,1842701
武汉,中国移动,184,1849563
武汉,中国移动,184,1849390
武汉,中国移动,184,1847147
武汉,中国移动,184,1849558
武汉,中国移动,184,1849551
武汉,中国移动,184,1847196
武汉,中国移动,184,1847208
武汉,中国移动,184,1842741
武汉,中国移动,184,1847174
武汉,中国移动,184,1842770
武汉,中国移动,184,1842780
武汉,中国移动,184,1842798
武汉,中国移动,184,1849567
武汉,中国移动,184,1842745
武汉,中国移动,184,1847192
武汉,中国移动,184,1842700
武汉,中国移动,184,1849584
武汉,中国移动,184,1840279
武汉,中国移动,184,1849571
武汉,中国移动,184,1842753
武汉,中国移动,184,1842760
武汉,中国移动,184,1840276
武汉,中国移动,184,1842732
武汉,中国移动,184,1842761
武汉,中国移动,184,1849581
武汉,中国移动,184,1842794
武汉,中国移动,184,1842734
武汉,中国移动,184,1849583
武汉,中国移动,184,1849564
武汉,中国移动,184,1847173
武汉,中国移动,184,1842779
武汉,中国移动,184,1849550
武汉,中国移动,184,1842776
武汉,中国移动,184,1847194
武汉,中国移动,184,1840278
武汉,中国移动,184,1842752
武汉,中国移动,184,1849559
武汉,中国移动,184,1849574
武汉,中国移动,184,1842763
武汉,中国移动,184,1847204
武汉,中国移动,184,1842703
武汉,中国移动,184,1849391
武汉,中国移动,184,1847175
武汉,中国移动,184,1842781
武汉,中国移动,184,1849395
武汉,中国移动,184,1842735
武汉,中国移动,184,1847225
武汉,中国移动,184,1847148
武汉,中国移动,184,1842737
武汉,中国移动,184,1842789
武汉,中国移动,184,1842790
武汉,中国移动,184,1842754
武汉,中国移动,184,1847178
武汉,中国移动,184,1849555
武汉,中国移动,184,1840271
武汉,中国移动,184,1849397
武汉,中国移动,184,1842725
武汉,中国移动,184,1840274
武汉,中国移动,184,1842799
武汉,中国移动,184,1842765
武汉,中国移动,184,1842785
武汉,中国移动,184,1842795
武汉,中国移动,184,1849570
武汉,中国移动,184,1849394
武汉,中国移动,184,1842702
武汉,中国移动,184,1849579
武汉,中国移动,184,1842755
武汉,中国移动,184,1840277
武汉,中国移动,184,1842774
武汉,中国移动,184,1842773
武汉,中国移动,184,1842746
武汉,中国移动,184,1842743
武汉,中国移动,184,1842784
武汉,中国移动,184,1849589
武汉,中国移动,184,1842764
武汉,中国移动,184,1842762
武汉,中国移动,184,1842775
武汉,中国移动,184,1847200
武汉,中国移动,184,1847197
武汉,中国移动,184,1847177
武汉,中国移动,184,1849580
武汉,中国移动,184,1842704
武汉,中国移动,184,1849565
武汉,中国移动,184,1842707
武汉,中国移动,184,1842740
武汉,中国移动,184,1842788
武汉,中国移动,184,1842769
武汉,中国移动,184,1847202
武汉,中国移动,184,1849573
武汉,中国移动,184,1849588
武汉,中国移动,184,1840275
武汉,中国移动,184,1847149
武汉,中国移动,184,1849556
武汉,中国移动,184,1849568
武汉,中国移动,184,1842783
武汉,中国移动,184,1842767
武汉,中国移动,184,1842738
武汉,中国移动,184,1847169
武汉,中国移动,184,1847223
武汉,中国移动,184,1849586
武汉,中国移动,184,1842787
武汉,中国移动,184,1847203
武汉,中国移动,184,1842736
武汉,中国移动,184,1849553
武汉,中国移动,184,1842747
武汉,中国移动,184,1842749
武汉,中国移动,184,1849572
武汉,中国移动,184,1842705
武汉,中国移动,184,1842722
武汉,中国移动,184,1842782
武汉,中国移动,184,1847176
武汉,中国移动,184,1842733
武汉,中国移动,184,1847226
武汉,中国移动,184,1842739
武汉,中国移动,184,1847206
武汉,中国移动,184,1849396
武汉,中国移动,184,1842768
武汉,中国移动,184,1849552
武汉,中国移动,184,1842726
武汉,中国移动,184,1847190
武汉,中国移动,184,1849576
武汉,中国移动,184,1849398
武汉,中国移动,184,1849560
武汉,中国移动,184,1842796
武汉,中国移动,184,1847209
武汉,中国移动,184,1849392
武汉,中国移动,184,1849566
武汉,中国移动,184,1842742
武汉,中国移动,184,1840270
武汉,中国移动,184,1849587
武汉,中国移动,184,1847198
武汉,中国移动,184,1849585
武汉,中国移动,184,1840273
武汉,中国移动,184,1842791
武汉,中国移动,184,1842766
武汉,中国移动,184,1849393
武汉,中国移动,184,1842793
武汉,中国移动,184,1849575
武汉,中国移动,184,1842777
武汉,中国移动,187,1870717
武汉,中国移动,187,1870278
武汉,中国移动,187,1870710
武汉,中国移动,187,1877192
武汉,中国移动,187,1870277
武汉,中国移动,187,1877100
武汉,中国移动,187,1877101
武汉,中国移动,187,1870276
武汉,中国移动,187,1870275
武汉,中国移动,187,1870719
武汉,中国移动,187,1877195
武汉,中国移动,187,1877198
武汉,中国移动,187,1870713
武汉,中国移动,187,1870272
武汉,中国移动,187,1871719
武汉,中国移动,187,1877197
武汉,中国移动,187,1877193
武汉,中国移动,187,1870270
武汉,中国移动,187,1877102
武汉,中国移动,187,1877112
武汉,中国移动,187,1870716
武汉,中国移动,187,1870279
武汉,中国移动,187,1870711
武汉,中国移动,187,1877107
武汉,中国移动,187,1871716
武汉,中国移动,187,1870274
武汉,中国移动,187,1871714
武汉,中国移动,187,1877103
武汉,中国移动,187,1870271
武汉,中国移动,187,1871713
武汉,中国移动,187,1870714
武汉,中国移动,187,1871711
武汉,中国移动,187,1877104
武汉,中国移动,187,1877110
武汉,中国移动,187,1871718
武汉,中国移动,187,1871715
武汉,中国移动,187,1870718
武汉,中国移动,187,1877111
武汉,中国移动,187,1871710
武汉,中国移动,187,1871717
武汉,中国移动,187,1877106
武汉,中国移动,187,1870273
武汉,中国移动,187,1877113
武汉,中国移动,187,1877114
武汉,中国移动,187,1877105
武汉,中国移动,187,1871712
武汉,中国移动,187,1877194
武汉,中国移动,187,1870712
武汉,中国移动,187,1870715
武汉,中国移动,187,1877109
武汉,中国移动,187,1877199
武汉,中国移动,187,1877196
武汉,中国移动,187,1877108
武汉,中国移动,188,1882743
武汉,中国移动,188,1880710
武汉,中国移动,188,1882733
武汉,中国移动,188,1882703
武汉,中国移动,188,1887117
武汉,中国移动,188,1880863
武汉,中国移动,188,1887158
武汉,中国移动,188,1882709
武汉,中国移动,188,1880273
武汉,中国移动,188,1880719
武汉,中国移动,188,1882764
武汉,中国移动,188,1880715
武汉,中国移动,188,1887118
武汉,中国移动,188,1880864
武汉,中国移动,188,1887143
武汉,中国移动,188,1887220
武汉,中国移动,188,1882767
武汉,中国移动,188,1882740
武汉,中国移动,188,1887115
武汉,中国移动,188,1880865
武汉,中国移动,188,1882738
武汉,中国移动,188,1882762
武汉,中国移动,188,1882766
武汉,中国移动,188,1880716
武汉,中国移动,188,1880712
武汉,中国移动,188,1887228
武汉,中国移动,188,1882706
武汉,中国移动,188,1882761
武汉,中国移动,188,1882705
武汉,中国移动,188,1887147
武汉,中国移动,188,1887222
武汉,中国移动,188,1880711
武汉,中国移动,188,1887148
武汉,中国移动,188,1887186
武汉,中国移动,188,1880276
武汉,中国移动,188,1882737
武汉,中国移动,188,1887142
武汉,中国移动,188,1887144
武汉,中国移动,188,1887187
武汉,中国移动,188,1887225
武汉,中国移动,188,1880275
武汉,中国移动,188,1880713
武汉,中国移动,188,1882708
武汉,中国移动,188,1887248
武汉,中国移动,188,1887116
武汉,中国移动,188,1882707
武汉,中国移动,188,1882702
武汉,中国移动,188,1880274
武汉,中国移动,188,1880278
武汉,中国移动,188,1887224
武汉,中国移动,188,1880279
武汉,中国移动,188,1882736
武汉,中国移动,188,1887149
武汉,中国移动,188,1882735
武汉,中国移动,188,1887185
武汉,中国移动,188,1882701
武汉,中国移动,188,1887145
武汉,中国移动,188,1887227
武汉,中国移动,188,1880714
武汉,中国移动,188,1882763
武汉,中国移动,188,1882734
武汉,中国移动,188,1882700
武汉,中国移动,188,1880862
武汉,中国移动,188,1882739
武汉,中国移动,188,1882765
武汉,中国移动,188,1882760
武汉,中国移动,188,1880718
武汉,中国移动,188,1887119
武汉,中国移动,188,1887157
武汉,中国移动,188,1880277
武汉,中国移动,188,1887226
武汉,中国移动,188,1882744
武汉,中国移动,188,1880272
武汉,中国移动,188,1887146
武汉,中国移动,188,1887223
武汉,中国移动,188,1880270
武汉,中国移动,188,1882741
武汉,中国移动,188,1887247
武汉,中国移动,188,1887188
武汉,中国移动,188,1880717
武汉,中国移动,188,1880271
武汉,中国移动,188,1887221
武汉,中国移动,188,1882742
武汉,中国移动,188,1882704
武汉,中国移动,195,1957166
武汉,中国移动,195,1957120
武汉,中国移动,195,1957108
武汉,中国移动,195,1957174
武汉,中国移动,195,1957116
武汉,中国移动,195,1952295
武汉,中国移动,195,1952622
武汉,中国移动,195,1952641
武汉,中国移动,195,1957111
武汉,中国移动,195,1953786
武汉,中国移动,195,1952638
武汉,中国移动,195,1952299
武汉,中国移动,195,1952292
武汉,中国移动,195,1957119
武汉,中国移动,195,1957168
武汉,中国移动,195,1957114
武汉,中国移动,195,1952298
武汉,中国移动,195,1957115
武汉,中国移动,195,1952111
武汉,中国移动,195,1953785
武汉,中国移动,195,1957169
武汉,中国移动,195,1957246
武汉,中国移动,195,1957121
武汉,中国移动,195,1952293
武汉,中国移动,195,1957173
武汉,中国移动,195,1957110
武汉,中国移动,195,1957112
武汉,中国移动,195,1952461
武汉,中国移动,195,1952637
武汉,中国移动,195,1953749
武汉,中国移动,195,1957107
武汉,中国移动,195,1957171
武汉,中国移动,195,1957172
武汉,中国移动,195,1953905
武汉,中国移动,195,1957118
武汉,中国移动,195,1953754
武汉,中国移动,195,1952291
武汉,中国移动,195,1957105
武汉,中国移动,195,1957117
武汉,中国移动,195,1957167
武汉,中国移动,195,1952297
武汉,中国移动,195,1952294
武汉,中国移动,195,1957240
武汉,中国移动,195,1952949
武汉,中国移动,195,1952296
武汉,中国移动,195,1957241
武汉,中国移动,195,1953084
武汉,中国移动,195,1953764
武汉,中国移动,195,1957106
武汉,中国移动,195,1952611
武汉,中国移动,195,1952600
武汉,中国移动,195,1957245
武汉,中国移动,195,1957109
武汉,中国移动,195,1957113
武汉,中国移动,195,1957170
武汉,中国移动,195,1957104
武汉,中国电信,177,1776241
武汉,中国电信,177,1770276
武汉,中国电信,177,1778606
武汉,中国电信,177,1779826
武汉,中国电信,177,1776245
武汉,中国电信,177,1776242
武汉,中国电信,177,1776400
武汉,中国电信,177,1776258
武汉,中国电信,177,1776254
武汉,中国电信,177,1772056
武汉,中国电信,177,1774065
武汉,中国电信,177,1778602
武汉,中国电信,177,1778641
武汉,中国电信,177,1770273
武汉,中国电信,177,1777142
武汉,中国电信,177,1779820
武汉,中国电信,177,1775444
武汉,中国电信,177,1770278
武汉,中国电信,177,1772054
武汉,中国电信,177,1778646
武汉,中国电信,177,1778636
武汉,中国电信,177,1777184
武汉,中国电信,177,1775443
武汉,中国电信,177,1778608
武汉,中国电信,177,1776401
武汉,中国电信,177,1776244
武汉,中国电信,177,1776243
武汉,中国电信,177,1776250
武汉,中国电信,177,1777141
武汉,中国电信,177,1778647
武汉,中国电信,177,1775441
武汉,中国电信,177,1776402
武汉,中国电信,177,1778610
武汉,中国电信,177,1777188
武汉,中国电信,177,1778637
武汉,中国电信,177,1776240
武汉,中国电信,177,1776257
武汉,中国电信,177,1772049
武汉,中国电信,177,1770723
武汉,中国电信,177,1778611
武汉,中国电信,177,1772020
武汉,中国电信,177,1770272
武汉,中国电信,177,1770279
武汉,中国电信,177,1772055
武汉,中国电信,177,1776235
武汉,中国电信,177,1779824
武汉,中国电信,177,1772058
武汉,中国电信,177,1778644
武汉,中国电信,177,1770275
武汉,中国电信,177,1778607
武汉,中国电信,177,1777177
武汉,中国电信,177,1778654
武汉,中国电信,177,1774066
武汉,中国电信,177,1777186
武汉,中国电信,177,1778655
武汉,中国电信,177,1776246
武汉,中国电信,177,1774067
武汉,中国电信,177,1776247
武汉,中国电信,177,1776419
武汉,中国电信,177,1777145
武汉,中国电信,177,1779823
武汉,中国电信,177,1779827
武汉,中国电信,177,1778609
武汉,中国电信,177,1778638
武汉,中国电信,177,1774051
武汉,中国电信,177,1778657
武汉,中国电信,177,1772050
武汉,中国电信,177,1770277
武汉,中国电信,177,1772051
武汉,中国电信,177,1776421
武汉,中国电信,177,1774050
武汉,中国电信,177,1776237
武汉,中国电信,177,1770271
武汉,中国电信,177,1777148
武汉,中国电信,177,1778635
武汉,中国电信,177,1778604
武汉,中国电信,177,1772052
武汉,中国电信,177,1778643
武汉,中国电信,177,1776405
武汉,中国电信,177,1776408
武汉,中国电信,177,1778603
武汉,中国电信,177,1777144
武汉,中国电信,177,1776403
武汉,中国电信,177,1778639
武汉,中国电信,177,1778652
武汉,中国电信,177,1776236
武汉,中国电信,177,1777181
武汉,中国电信,177,1777183
武汉,中国电信,177,1772057
武汉,中国电信,177,1772053
武汉,中国电信,177,1776407
武汉,中国电信,177,1778614
武汉,中国电信,177,1776420
武汉,中国电信,177,1778656
武汉,中国电信,177,1772059
武汉,中国电信,177,1776253
武汉,中国电信,177,1775442
武汉,中国电信,177,1778612
武汉,中国电信,177,1778640
武汉,中国电信,177,1777173
武汉,中国电信,177,1778650
武汉,中国电信,177,1778642
武汉,中国电信,177,1776248
武汉,中国电信,177,1778601
武汉,中国电信,177,1778613
武汉,中国电信,177,1770274
武汉,中国电信,177,1777143
武汉,中国电信,177,1777182
武汉,中国电信,177,1776249
武汉,中国电信,177,1776251
武汉,中国电信,177,1777160
武汉,中国电信,177,1776404
武汉,中国电信,177,1777180
武汉,中国电信,177,1778600
武汉,中国电信,177,1778653
武汉,中国电信,177,1778645
武汉,中国电信,177,1778651
武汉,中国电信,177,1778605
武汉,中国电信,177,1777187
武汉,中国电信,177,1777189
武汉,中国电信,177,1778659
武汉,中国电信,177,1779821
武汉,中国电信,177,1777146
武汉,中国电信,177,1777174
武汉,中国电信,177,1777149
武汉,中国电信,177,1772048
武汉,中国电信,177,1777185
武汉,中国电信,177,1779829
武汉,中国电信,177,1774054
武汉,中国电信,177,1776239
武汉,中国电信,177,1776259
武汉,中国电信,177,1776238
武汉,中国电信,177,1778658
武汉,中国电信,177,1774069
武汉,中国电信,177,1770710
武汉,中国电信,177,1774068
武汉,中国电信,177,1777179
武汉,中国电信,177,1779825
武汉,中国电信,177,1772021
武汉,中国电信,177,1772022
武汉,中国电信,177,1779828
武汉,中国电信,177,1778648
武汉,中国电信,177,1776422
武汉,中国电信,177,1779822
武汉,中国电信,177,1777178
武汉,中国电信,177,1777147
武汉,中国电信,177,1770270
武汉,中国电信,177,1776409
武汉,中国电信,177,1778649
武汉,中国电信,177,1774053
武汉,中国电信,177,1776418
武汉,中国电信,177,1774052
武汉,中国电信,177,1775440
武汉,中国电信,177,1776255
武汉,中国电信,177,1776406
武汉,中国电信,177,1776252
武汉,中国电信,177,1776256
武汉,中国电信,180,1807109
武汉,中国电信,180,1807153
武汉,中国电信,180,1806272
武汉,中国电信,180,1806277
武汉,中国电信,180,1806266
武汉,中国电信,180,1806259
武汉,中国电信,180,1806201
武汉,中国电信,180,1806268
武汉,中国电信,180,1806271
武汉,中国电信,180,1806256
武汉,中国电信,180,1808602
武汉,中国电信,180,1806204
武汉,中国电信,180,1800710
武汉,中国电信,180,1808605
武汉,中国电信,180,1806402
武汉,中国电信,180,1806404
武汉,中国电信,180,1807105
武汉,中国电信,180,1807171
武汉,中国电信,180,1808642
武汉,中国电信,180,1807102
武汉,中国电信,180,1807151
武汉,中国电信,180,1800713
武汉,中国电信,180,1808601
武汉,中国电信,180,1807101
武汉,中国电信,180,1807173
武汉,中国电信,180,1807112
武汉,中国电信,180,1806203
武汉,中国电信,180,1804050
武汉,中国电信,180,1808610
武汉,中国电信,180,1806263
武汉,中国电信,180,1800714
武汉,中国电信,180,1800864
武汉,中国电信,180,1807140
武汉,中国电信,180,1804056
武汉,中国电信,180,1808667
武汉,中国电信,180,1806265
武汉,中国电信,180,1806212
武汉,中国电信,180,1808645
武汉,中国电信,180,1806274
武汉,中国电信,180,1808665
武汉,中国电信,180,1806202
武汉,中国电信,180,1808652
武汉,中国电信,180,1807111
武汉,中国电信,180,1807104
武汉,中国电信,180,1808608
武汉,中国电信,180,1808661
武汉,中国电信,180,1806410
武汉,中国电信,180,1804053
武汉,中国电信,180,1808662
武汉,中国电信,180,1800718
武汉,中国电信,180,1800719
武汉,中国电信,180,1806275
武汉,中国电信,180,1800862
武汉,中国电信,180,1806276
武汉,中国电信,180,1808604
武汉,中国电信,180,1808644
武汉,中国电信,180,1807100
武汉,中国电信,180,1800865
武汉,中国电信,180,1807141
武汉,中国电信,180,1800863
武汉,中国电信,180,1806264
武汉,中国电信,180,1806210
武汉,中国电信,180,1806243
武汉,中国电信,180,1808651
武汉,中国电信,180,1800716
武汉,中国电信,180,1806267
武汉,中国电信,180,1806208
武汉,中国电信,180,1806200
武汉,中国电信,180,1806254
武汉,中国电信,180,1807145
武汉,中国电信,180,1807142
武汉,中国电信,180,1806252
武汉,中国电信,180,1808611
武汉,中国电信,180,1806270
武汉,中国电信,180,1806403
武汉,中国电信,180,1806241
武汉,中国电信,180,1807144
武汉,中国电信,180,1800711
武汉,中国电信,180,1808653
武汉,中国电信,180,1804054
武汉,中国电信,180,1806412
武汉,中国电信,180,1807152
武汉,中国电信,180,1806261
武汉,中国电信,180,1806205
武汉,中国电信,180,1807174
武汉,中国电信,180,1806278
武汉,中国电信,180,1808641
武汉,中国电信,180,1806251
武汉,中国电信,180,1806262
武汉,中国电信,180,1804051
武汉,中国电信,180,1807175
武汉,中国电信,180,1808646
武汉,中国电信,180,1806211
武汉,中国电信,180,1807143
武汉,中国电信,180,1806269
武汉,中国电信,180,1800717
武汉,中国电信,180,1806405
武汉,中国电信,180,1806401
武汉,中国电信,180,1806215
武汉,中国电信,180,1804059
武汉,中国电信,180,1807108
武汉,中国电信,180,1806258
武汉,中国电信,180,1808669
武汉,中国电信,180,1808600
武汉,中国电信,180,1808647
武汉,中国电信,180,1800712
武汉,中国电信,180,1806209
武汉,中国电信,180,1808668
武汉,中国电信,180,1806206
武汉,中国电信,180,1806207
武汉,中国电信,180,1808649
武汉,中国电信,180,1806214
武汉,中国电信,180,1806213
武汉,中国电信,180,1808666
武汉,中国电信,180,1806257
武汉,中国电信,180,1807106
武汉,中国电信,180,1800715
武汉,中国电信,180,1807110
武汉,中国电信,180,1806408
武汉,中国电信,180,1807113
武汉,中国电信,180,1807103
武汉,中国电信,180,1806411
武汉,中国电信,180,1807154
武汉,中国电信,180,1806255
武汉,中国电信,180,1806406
武汉,中国电信,180,1806242
武汉,中国电信,180,1808648
武汉,中国电信,180,1806279
武汉,中国电信,180,1804055
武汉,中国电信,180,1807107
武汉,中国电信,180,1807114
武汉,中国电信,180,1804052
武汉,中国电信,180,1808643
武汉,中国电信,180,1806244
武汉,中国电信,180,1806260
武汉,中国电信,180,1804057
武汉,中国电信,180,1807172
武汉,中国电信,180,1806273
武汉,中国电信,180,1808640
武汉,中国电信,180,1808664
武汉,中国电信,180,1808609
武汉,中国电信,180,1806407
武汉,中国电信,180,1808663
武汉,中国电信,180,1808660
武汉,中国电信,180,1808650
武汉,中国电信,180,1806245
武汉,中国电信,180,1807155
武汉,中国电信,180,1806409
武汉,中国电信,180,1806240
武汉,中国电信,180,1806250
武汉,中国电信,180,1807170
武汉,中国电信,180,1806253
武汉,中国电信,180,1807150
武汉,中国电信,180,1804058
武汉,中国电信,180,1808603
武汉,中国电信,180,1808607
武汉,中国电信,180,1806400
武汉,中国电信,180,1808606
武汉,中国电信,181,1817106
武汉,中国电信,181,1816266
武汉,中国电信,181,1812044
武汉,中国电信,181,1812041
武汉,中国电信,181,1816258
武汉,中国电信,181,1818663
武汉,中国电信,181,1816334
武汉,中国电信,181,1818605
武汉,中国电信,181,1816268
武汉,中国电信,181,1818667
武汉,中国电信,181,1818664
武汉,中国电信,181,1816350
武汉,中国电信,181,1816278
武汉,中国电信,181,1817120
武汉,中国电信,181,1816260
武汉,中国电信,181,1816242
武汉,中国电信,181,1814066
武汉,中国电信,181,1816353
武汉,中国电信,181,1818619
武汉,中国电信,181,1816252
武汉,中国电信,181,1818606
武汉,中国电信,181,1814069
武汉,中国电信,181,1817145
武汉,中国电信,181,1818669
武汉,中国电信,181,1816243
武汉,中国电信,181,1816279
武汉,中国电信,181,1816235
武汉,中国电信,181,1815440
武汉,中国电信,181,1816427
武汉,中国电信,181,1816336
武汉,中国电信,181,1810721
武汉,中国电信,181,1812022
武汉,中国电信,181,1818614
武汉,中国电信,181,1816262
武汉,中国电信,181,1816429
武汉,中国电信,181,1812021
武汉,中国电信,181,1812025
武汉,中国电信,181,1817124
武汉,中国电信,181,1817122
武汉,中国电信,181,1814050
武汉,中国电信,181,1812055
武汉,中国电信,181,1816426
武汉,中国电信,181,1817142
武汉,中国电信,181,1812059
武汉,中国电信,181,1816275
武汉,中国电信,181,1817116
武汉,中国电信,181,1818610
武汉,中国电信,181,1810867
武汉,中国电信,181,1816264
武汉,中国电信,181,1816273
武汉,中国电信,181,1818643
武汉,中国电信,181,1818665
武汉,中国电信,181,1817127
武汉,中国电信,181,1816411
武汉,中国电信,181,1816230
武汉,中国电信,181,1815443
武汉,中国电信,181,1816272
武汉,中国电信,181,1810070
武汉,中国电信,181,1815431
武汉,中国电信,181,1817103
武汉,中国电信,181,1817133
武汉,中国电信,181,1815430
武汉,中国电信,181,1816234
武汉,中国电信,181,1816250
武汉,中国电信,181,1810723
武汉,中国电信,181,1816352
武汉,中国电信,181,1814057
武汉,中国电信,181,1810865
武汉,中国电信,181,1812058
武汉,中国电信,181,1817104
武汉,中国电信,181,1817137
武汉,中国电信,181,1818660
武汉,中国电信,181,1818623
武汉,中国电信,181,1816331
武汉,中国电信,181,1817125
武汉,中国电信,181,1817143
武汉,中国电信,181,1816337
武汉,中国电信,181,1818644
武汉,中国电信,181,1818650
武汉,中国电信,181,1817132
武汉,中国电信,181,1817118
武汉,中国电信,181,1818640
武汉,中国电信,181,1817141
武汉,中国电信,181,1818692
武汉,中国电信,181,1814051
武汉,中国电信,181,1817139
武汉,中国电信,181,1818666
武汉,中国电信,181,1817114
武汉,中国电信,181,1816401
武汉,中国电信,181,1810727
武汉,中国电信,181,1816253
武汉,中国电信,181,1810726
武汉,中国电信,181,1817123
武汉,中国电信,181,1812043
武汉,中国电信,181,1818647
武汉,中国电信,181,1818641
武汉,中国电信,181,1817117
武汉,中国电信,181,1818609
武汉,中国电信,181,1816259
武汉,中国电信,181,1812020
武汉,中国电信,181,1816263
武汉,中国电信,181,1817119
武汉,中国电信,181,1817134
武汉,中国电信,181,1816425
武汉,中国电信,181,1818611
武汉,中国电信,181,1816335
武汉,中国电信,181,1816422
武汉,中国电信,181,1818618
武汉,中国电信,181,1814054
武汉,中国电信,181,1814055
武汉,中国电信,181,1817146
武汉,中国电信,181,1814056
武汉,中国电信,181,1818673
武汉,中国电信,181,1816257
武汉,中国电信,181,1816351
武汉,中国电信,181,1818671
武汉,中国电信,181,1816421
武汉,中国电信,181,1817129
武汉,中国电信,181,1817100
武汉,中国电信,181,1818613
武汉,中国电信,181,1818646
武汉,中国电信,181,1816232
武汉,中国电信,181,1816420
武汉,中国电信,181,1810863
武汉,中国电信,181,1815441
武汉,中国电信,181,1816408
武汉,中国电信,181,1818617
武汉,中国电信,181,1814065
武汉,中国电信,181,1818624
武汉,中国电信,181,1816241
武汉,中国电信,181,1817147
武汉,中国电信,181,1815442
武汉,中国电信,181,1816254
武汉,中国电信,181,1817113
武汉,中国电信,181,1817150
武汉,中国电信,181,1818668
武汉,中国电信,181,1816267
武汉,中国电信,181,1816423
武汉,中国电信,181,1816339
武汉,中国电信,181,1814058
武汉,中国电信,181,1812024
武汉,中国电信,181,1817105
武汉,中国电信,181,1810866
武汉,中国电信,181,1814052
武汉,中国电信,181,1816330
武汉,中国电信,181,1816428
武汉,中国电信,181,1814053
武汉,中国电信,181,1814059
武汉,中国电信,181,1817109
武汉,中国电信,181,1816269
武汉,中国电信,181,1818672
武汉,中国电信,181,1814067
武汉,中国电信,181,1810071
武汉,中国电信,181,1818620
武汉,中国电信,181,1818693
武汉,中国电信,181,1818616
武汉,中国电信,181,1816274
武汉,中国电信,181,1818615
武汉,中国电信,181,1815432
武汉,中国电信,181,1816256
武汉,中国电信,181,1816403
武汉,中国电信,181,1817121
武汉,中国电信,181,1817151
武汉,中国电信,181,1817111
武汉,中国电信,181,1817101
武汉,中国电信,181,1816265
武汉,中国电信,181,1812056
武汉,中国电信,181,1818645
武汉,中国电信,181,1816406
武汉,中国电信,181,1816332
武汉,中国电信,181,1817144
武汉,中国电信,181,1816231
武汉,中国电信,181,1817112
武汉,中国电信,181,1817148
武汉,中国电信,181,1810861
武汉,中国电信,181,1818648
武汉,中国电信,181,1817149
武汉,中国电信,181,1816402
武汉,中国电信,181,1816409
武汉,中国电信,181,1816404
武汉,中国电信,181,1818622
武汉,中国电信,181,1818651
武汉,中国电信,181,1817140
武汉,中国电信,181,1818607
武汉,中国电信,181,1817128
武汉,中国电信,181,1818642
武汉,中国电信,181,1818690
武汉,中国电信,181,1818661
武汉,中国电信,181,1818691
武汉,中国电信,181,1810864
武汉,中国电信,181,1817130
武汉,中国电信,181,1817102
武汉,中国电信,181,1816251
武汉,中国电信,181,1816354
武汉,中国电信,181,1817135
武汉,中国电信,181,1817138
武汉,中国电信,181,1816333
武汉,中国电信,181,1812042
武汉,中国电信,181,1810862
武汉,中国电信,181,1816270
武汉,中国电信,181,1816276
武汉,中国电信,181,1816407
武汉,中国电信,181,1818621
武汉,中国电信,181,1818612
武汉,中国电信,181,1816271
武汉,中国电信,181,1810860
武汉,中国电信,181,1818670
武汉,中国电信,181,1815433
武汉,中国电信,181,1817131
武汉,中国电信,181,1810072
武汉,中国电信,181,1817136
武汉,中国电信,181,1816233
武汉,中国电信,181,1816261
武汉,中国电信,181,1818649
武汉,中国电信,181,1817107
武汉,中国电信,181,1816355
武汉,中国电信,181,1812057
武汉,中国电信,181,1817110
武汉,中国电信,181,1816400
武汉,中国电信,181,1812023
武汉,中国电信,181,1817108
武汉,中国电信,181,1814068
武汉,中国电信,181,1816338
武汉,中国电信,181,1816410
武汉,中国电信,181,1817126
武汉,中国电信,181,1818608
武汉,中国电信,181,1816424
武汉,中国电信,181,1816405
武汉,中国电信,181,1818662
武汉,中国电信,181,1812040
武汉,中国电信,181,1817115
武汉,中国电信,181,1816255
武汉,中国电信,181,1816277
武汉,中国电信,189,1899557
武汉,中国电信,189,1890719
武汉,中国电信,189,1897151
武汉,中国电信,189,1890717
武汉,中国电信,189,1897133
武汉,中国电信,189,1899559
武汉,中国电信,189,1896395
武汉,中国电信,189,1897152
武汉,中国电信,189,1897157
武汉,中国电信,189,1897168
武汉,中国电信,189,1897131
武汉,中国电信,189,1894292
武汉,中国电信,189,1897119
武汉,中国电信,189,1897154
武汉,中国电信,189,1898604
武汉,中国电信,189,1890863
武汉,中国电信,189,1897104
武汉,中国电信,189,1897111
武汉,中国电信,189,1897103
武汉,中国电信,189,1897123
武汉,中国电信,189,1898618
武汉,中国电信,189,1897109
武汉,中国电信,189,1897121
武汉,中国电信,189,1898628
武汉,中国电信,189,1898612
武汉,中国电信,189,1898617
武汉,中国电信,189,1890862
武汉,中国电信,189,1898608
武汉,中国电信,189,1897116
武汉,中国电信,189,1897112
武汉,中国电信,189,1897159
武汉,中国电信,189,1890864
武汉,中国电信,189,1897153
武汉,中国电信,189,1897107
武汉,中国电信,189,1896396
武汉,中国电信,189,1898614
武汉,中国电信,189,1898619
武汉,中国电信,189,1898624
武汉,中国电信,189,1897164
武汉,中国电信,189,1898627
武汉,中国电信,189,1894294
武汉,中国电信,189,1897155
武汉,中国电信,189,1897136
武汉,中国电信,189,1899556
武汉,中国电信,189,1899558
武汉,中国电信,189,1894293
武汉,中国电信,189,1890712
武汉,中国电信,189,1897145
武汉,中国电信,189,1890714
武汉,中国电信,189,1897143
武汉,中国电信,189,1897117
武汉,中国电信,189,1897166
武汉,中国电信,189,1890865
武汉,中国电信,189,1897150
武汉,中国电信,189,1898606
武汉,中国电信,189,1899555
武汉,中国电信,189,1897135
武汉,中国电信,189,1898601
武汉,中国电信,189,1896399
武汉,中国电信,189,1898611
武汉,中国电信,189,1897129
武汉,中国电信,189,1890716
武汉,中国电信,189,1897134
武汉,中国电信,189,1896394
武汉,中国电信,189,1898605
武汉,中国电信,189,1897144
武汉,中国电信,189,1897142
武汉,中国电信,189,1897165
武汉,中国电信,189,1898616
武汉,中国电信,189,1898620
武汉,中国电信,189,1899560
武汉,中国电信,189,1897160
武汉,中国电信,189,1894291
武汉,中国电信,189,1897147
武汉,中国电信,189,1897148
武汉,中国电信,189,1897127
武汉,中国电信,189,1897125
武汉,中国电信,189,1897106
武汉,中国电信,189,1897130
武汉,中国电信,189,1897139
武汉,中国电信,189,1897156
武汉,中国电信,189,1897140
武汉,中国电信,189,1890713
武汉,中国电信,189,1899550
武汉,中国电信,189,1899561
武汉,中国电信,189,1896397
武汉,中国电信,189,1897108
武汉,中国电信,189,1897100
武汉,中国电信,189,1899552
武汉,中国电信,189,1898602
武汉,中国电信,189,1897113
武汉,中国电信,189,1898622
武汉,中国电信,189,1898621
武汉,中国电信,189,1898603
武汉,中国电信,189,1898613
武汉,中国电信,189,1897126
武汉,中国电信,189,1897105
武汉,中国电信,189,1899565
武汉,中国电信,189,1897102
武汉,中国电信,189,1890715
武汉,中国电信,189,1897146
武汉,中国电信,189,1899564
武汉,中国电信,189,1897141
武汉,中国电信,189,1897163
武汉,中国电信,189,1897161
武汉,中国电信,189,1897167
武汉,中国电信,189,1894290
武汉,中国电信,189,1897101
武汉,中国电信,189,1897115
武汉,中国电信,189,1899563
武汉,中国电信,189,1898625
武汉,中国电信,189,1899554
武汉,中国电信,189,1898600
武汉,中国电信,189,1897122
武汉,中国电信,189,1897137
武汉,中国电信,189,1897169
武汉,中国电信,189,1899553
武汉,中国电信,189,1898607
武汉,中国电信,189,1897138
武汉,中国电信,189,1898626
武汉,中国电信,189,1897162
武汉,中国电信,189,1898623
武汉,中国电信,189,1898609
武汉,中国电信,189,1897132
武汉,中国电信,189,1897120
武汉,中国电信,189,1899551
武汉,中国电信,189,1898615
武汉,中国电信,189,1890718
武汉,中国电信,189,1896398
武汉,中国电信,189,1897124
武汉,中国电信,189,1897118
武汉,中国电信,189,1898629
武汉,中国电信,189,1898610
武汉,中国电信,189,1890711
武汉,中国电信,189,1897110
武汉,中国电信,189,1890710
武汉,中国电信,189,1899562
武汉,中国电信,189,1897149
武汉,中国电信,189,1897128
武汉,中国电信,189,1897158
武汉,中国电信,189,1897114
武汉,中国电信,191,1914503
武汉,中国电信,191,1917114
武汉,中国电信,191,1917117
武汉,中国电信,191,1917110
武汉,中国电信,191,1914508
武汉,中国电信,191,1910714
武汉,中国电信,191,1914507
武汉,中国电信,191,1910711
武汉,中国电信,191,1914502
武汉,中国电信,191,1917112
武汉,中国电信,191,1910710
武汉,中国电信,191,1910712
武汉,中国电信,191,1917111
武汉,中国电信,191,1910717
武汉,中国电信,191,1910719
武汉,中国电信,191,1917281
武汉,中国电信,191,1914509
武汉,中国电信,191,1910715
武汉,中国电信,191,1910713
武汉,中国电信,191,1914506
武汉,中国电信,191,1917115
武汉,中国电信,191,1910718
武汉,中国电信,191,1917113
武汉,中国电信,191,1917116
武汉,中国电信,191,1910716
武汉,中国电信,193,1930279
武汉,中国电信,193,1930270
武汉,中国电信,193,1930277
武汉,中国电信,193,1935460
武汉,中国电信,193,1931384
武汉,中国电信,193,1937127
武汉,中国电信,193,1937242
武汉,中国电信,193,1931387
武汉,中国电信,193,1931382
武汉,中国电信,193,1931385
武汉,中国电信,193,1936191
武汉,中国电信,193,1937128
武汉,中国电信,193,1931389
武汉,中国电信,193,1935462
武汉,中国电信,193,1930278
武汉,中国电信,193,1937244
武汉,中国电信,193,1935461
武汉,中国电信,193,1936196
武汉,中国电信,193,1931388
武汉,中国电信,193,1931381
武汉,中国电信,193,1930272
武汉,中国电信,193,1931386
武汉,中国电信,193,1930275
武汉,中国电信,193,1936197
武汉,中国电信,193,1936198
武汉,中国电信,193,1930274
武汉,中国电信,193,1930276
武汉,中国电信,193,1936194
武汉,中国电信,193,1936199
武汉,中国电信,193,1930271
武汉,中国电信,193,1937243
武汉,中国电信,193,1930273
武汉,中国电信,193,1936193
武汉,中国电信,193,1937241
武汉,中国电信,193,1937240
武汉,中国电信,193,1936192
武汉,中国电信,193,1936195
武汉,中国电信,193,1937126
武汉,中国电信,193,1936190
武汉,中国电信,193,1935463
武汉,中国电信,193,1937125
武汉,中国电信,193,1931380
武汉,中国电信,193,1931383
武汉,中国电信,199,1998699
武汉,中国电信,199,1998693
武汉,中国电信,199,1997230
武汉,中国电信,199,1997205
武汉,中国电信,199,1998694
武汉,中国电信,199,1997211
武汉,中国电信,199,1994500
武汉,中国电信,199,1997214
武汉,中国电信,199,1997212
武汉,中国电信,199,1997198
武汉,中国电信,199,1997219
武汉,中国电信,199,1990710
武汉,中国电信,199,1997200
武汉,中国电信,199,1994769
武汉,中国电信,199,1997234
武汉,中国电信,199,1997203
武汉,中国电信,199,1997233
武汉,中国电信,199,1990864
武汉,中国电信,199,1997218
武汉,中国电信,199,1997201
武汉,中国电信,199,1997210
武汉,中国电信,199,1994760
武汉,中国电信,199,1994763
武汉,中国电信,199,1997215
武汉,中国电信,199,1998692
武汉,中国电信,199,1994750
武汉,中国电信,199,1997231
武汉,中国电信,199,1998690
武汉,中国电信,199,1994752
武汉,中国电信,199,1997204
武汉,中国电信,199,1990863
武汉,中国电信,199,1991317
武汉,中国电信,199,1997209
武汉,中国电信,199,1991318
武汉,中国电信,199,1990719
武汉,中国电信,199,1994764
武汉,中国电信,199,1997202
武汉,中国电信,199,1998696
武汉,中国电信,199,1994503
武汉,中国电信,199,1997239
武汉,中国电信,199,1994758
武汉,中国电信,199,1998698
武汉,中国电信,199,1994761
武汉,中国电信,199,1997217
武汉,中国电信,199,1994504
武汉,中国电信,199,1994766
武汉,中国电信,199,1994759
武汉,中国电信,199,1997237
武汉,中国电信,199,1998691
武汉,中国电信,199,1997232
武汉,中国电信,199,1994768
武汉,中国电信,199,1997199
武汉,中国电信,199,1998697
武汉,中国电信,199,1990862
武汉,中国电信,199,1994756
武汉,中国电信,199,1997213
武汉,中国电信,199,1994762
武汉,中国电信,199,1990716
武汉,中国电信,199,1994754
武汉,中国电信,199,1990715
武汉,中国电信,199,1994765
武汉,中国电信,199,1998689
武汉,中国电信,199,1997235
武汉,中国电信,199,1994751
武汉,中国电信,199,1994753
武汉,中国电信,199,1990714
武汉,中国电信,199,1997206
武汉,中国电信,199,1991316
武汉,中国电信,199,1994757
武汉,中国电信,199,1997216
武汉,中国电信,199,1990711
武汉,中国电信,199,1997238
武汉,中国电信,199,1998695
武汉,中国电信,199,1994501
武汉,中国电信,199,1997207
武汉,中国电信,199,1990712
武汉,中国电信,199,1990713
武汉,中国电信,199,1990865
武汉,中国电信,199,1997208
武汉,中国电信,199,1994502
武汉,中国电信,199,1998688
武汉,中国电信,199,1991319
武汉,中国电信,199,1994755
武汉,中国电信,199,1994767
武汉,中国电信,199,1997236
武汉,中国电信,199,1990717
武汉,中国电信,199,1994505
武汉,中国电信,199,1991315
武汉,中国电信,199,1990718
